Data;dolar
14/03/2007;2,1044
15/03/2007;2,0909
16/03/2007;2,0915
19/03/2007;2,0792
20/03/2007;2,0763
21/03/2007;2,0676
22/03/2007;2,0602
23/03/2007;2,0652
26/03/2007;2,0601
27/03/2007;2,0637
28/03/2007;2,0716
29/03/2007;2,0545
30/03/2007;2,0504
02/04/2007;2,0478
03/04/2007;2,0372
04/04/2007;2,0321
05/04/2007;2,0333
09/04/2007;2,0236
10/04/2007;2,0282
11/04/2007;2,0333
12/04/2007;2,0371
13/04/2007;2,0231
16/04/2007;2,0340
17/04/2007;2,0348
18/04/2007;2,0365
19/04/2007;2,0312
20/04/2007;2,0262
23/04/2007;2,0290
24/04/2007;2,0385
25/04/2007;2,0236
26/04/2007;2,0252
27/04/2007;2,0321
30/04/2007;2,0339
02/05/2007;2,0268
03/05/2007;2,0239
04/05/2007;2,0309
07/05/2007;2,0266
08/05/2007;2,0226
09/05/2007;2,0222
10/05/2007;2,0217
11/05/2007;2,0194
14/05/2007;2,0138
15/05/2007;1,9922
16/05/2007;1,9586
17/05/2007;1,9573
18/05/2007;1,9630
21/05/2007;1,9435
22/05/2007;1,9409
23/05/2007;1,9489
24/05/2007;1,9653
25/05/2007;1,9520
28/05/2007;1,9441
29/05/2007;1,9461
30/05/2007;1,9468
31/05/2007;1,9289
01/06/2007;1,9056
04/06/2007;1,9215
05/06/2007;1,9395
06/06/2007;1,9617
08/06/2007;1,9638
11/06/2007;1,9473
12/06/2007;1,9420
13/06/2007;1,9442
14/06/2007;1,9303
15/06/2007;1,9097
18/06/2007;1,9047
19/06/2007;1,9058
20/06/2007;1,9198
21/06/2007;1,9197
22/06/2007;1,9334
25/06/2007;1,9379
26/06/2007;1,9488
27/06/2007;1,9499
28/06/2007;1,9256
29/06/2007;1,9262
02/07/2007;1,9176
03/07/2007;1,9122
04/07/2007;1,9099
05/07/2007;1,9157
06/07/2007;1,9033
09/07/2007;1,8992
10/07/2007;1,8947
11/07/2007;1,8900
12/07/2007;1,8767
13/07/2007;1,8684
16/07/2007;1,8647
17/07/2007;1,8621
18/07/2007;1,8609
19/07/2007;1,8536
20/07/2007;1,8606
23/07/2007;1,8448
24/07/2007;1,8525
25/07/2007;1,8643
26/07/2007;1,9054
27/07/2007;1,9069
30/07/2007;1,8809
31/07/2007;1,8776
01/08/2007;1,8856
02/08/2007;1,8729
03/08/2007;1,8814
06/08/2007;1,9106
07/08/2007;1,9077
08/08/2007;1,8866
09/08/2007;1,9191
10/08/2007;1,9550
13/08/2007;1,9411
14/08/2007;1,9809
15/08/2007;2,0043
16/08/2007;2,1124
17/08/2007;2,0376
20/08/2007;2,0280
21/08/2007;2,0385
22/08/2007;2,0173
23/08/2007;1,9939
24/08/2007;1,9855
27/08/2007;1,9489
28/08/2007;1,9849
29/08/2007;1,9864
30/08/2007;1,9777
31/08/2007;1,9620
03/09/2007;1,9547
04/09/2007;1,9528
05/09/2007;1,9640
06/09/2007;1,9545
10/09/2007;1,9591
11/09/2007;1,9304
12/09/2007;1,9125
13/09/2007;1,8991
14/09/2007;1,9031
17/09/2007;1,9123
18/09/2007;1,8960
19/09/2007;1,8639
20/09/2007;1,8637
21/09/2007;1,8618
24/09/2007;1,8694
25/09/2007;1,8656
26/09/2007;1,8493
27/09/2007;1,8409
28/09/2007;1,8389
01/10/2007;1,8225
02/10/2007;1,8235
03/10/2007;1,8274
04/10/2007;1,8284
05/10/2007;1,8092
08/10/2007;1,8133
09/10/2007;1,8108
10/10/2007;1,8048
11/10/2007;1,7920
15/10/2007;1,8078
16/10/2007;1,8242
17/10/2007;1,8138
18/10/2007;1,8071
19/10/2007;1,7964
22/10/2007;1,8206
23/10/2007;1,8007
24/10/2007;1,7969
25/10/2007;1,7896
26/10/2007;1,7752
29/10/2007;1,7595
30/10/2007;1,7552
31/10/2007;1,7440
01/11/2007;1,7460
05/11/2007;1,7556
06/11/2007;1,7325
07/11/2007;1,7400
08/11/2007;1,7354
09/11/2007;1,7490
12/11/2007;1,7740
13/11/2007;1,7682
14/11/2007;1,7378
16/11/2007;1,7414
19/11/2007;1,7593
20/11/2007;1,7647
21/11/2007;1,7866
22/11/2007;1,7747
23/11/2007;1,7962
26/11/2007;1,8110
27/11/2007;1,8501
28/11/2007;1,8018
29/11/2007;1,7905
30/11/2007;1,7837
03/12/2007;1,7888
04/12/2007;1,8233
05/12/2007;1,7956
06/12/2007;1,7873
07/12/2007;1,7616
10/12/2007;1,7620
11/12/2007;1,7650
12/12/2007;1,7624
13/12/2007;1,7746
14/12/2007;1,7959
17/12/2007;1,8123
18/12/2007;1,8091
19/12/2007;1,8019
20/12/2007;1,8032
21/12/2007;1,7966
24/12/2007;1,7909
26/12/2007;1,7795
27/12/2007;1,7671
28/12/2007;1,7713
31/12/2007;1,7713
02/01/2008;1,7722
03/01/2008;1,7569
04/01/2008;1,7574
07/01/2008;1,7675
08/01/2008;1,7554
09/01/2008;1,7691
10/01/2008;1,7628
11/01/2008;1,7536
14/01/2008;1,7414
15/01/2008;1,7450
16/01/2008;1,7630
17/01/2008;1,7687
18/01/2008;1,7850
21/01/2008;1,8301
22/01/2008;1,8041
23/01/2008;1,8147
24/01/2008;1,7883
25/01/2008;1,7912
28/01/2008;1,7906
29/01/2008;1,7762
30/01/2008;1,7802
31/01/2008;1,7603
01/02/2008;1,7451
06/02/2008;1,7531
07/02/2008;1,7627
08/02/2008;1,7681
11/02/2008;1,7601
12/02/2008;1,7478
13/02/2008;1,7459
14/02/2008;1,7469
15/02/2008;1,7541
18/02/2008;1,7394
19/02/2008;1,7329
20/02/2008;1,7351
21/02/2008;1,7104
22/02/2008;1,7040
25/02/2008;1,7062
26/02/2008;1,6882
27/02/2008;1,6715
28/02/2008;1,6723
29/02/2008;1,6833
03/03/2008;1,6816
04/03/2008;1,6730
05/03/2008;1,6700
06/03/2008;1,6720
07/03/2008;1,6841
10/03/2008;1,6996
11/03/2008;1,6947
12/03/2008;1,6796
13/03/2008;1,6971
14/03/2008;1,6947
17/03/2008;1,7248
18/03/2008;1,7007
19/03/2008;1,7045
20/03/2008;1,7424
24/03/2008;1,7407
25/03/2008;1,7341
26/03/2008;1,7288
27/03/2008;1,7345
28/03/2008;1,7456
31/03/2008;1,7491
01/04/2008;1,7534
02/04/2008;1,7273
03/04/2008;1,7252
04/04/2008;1,7117
07/04/2008;1,6990
08/04/2008;1,7038
09/04/2008;1,6878
10/04/2008;1,6822
11/04/2008;1,6876
14/04/2008;1,6867
15/04/2008;1,6822
16/04/2008;1,6699
17/04/2008;1,6588
18/04/2008;1,6693
22/04/2008;1,6575
23/04/2008;1,6582
24/04/2008;1,6687
25/04/2008;1,6688
28/04/2008;1,6764
29/04/2008;1,7058
30/04/2008;1,6872
02/05/2008;1,6506
05/05/2008;1,6578
06/05/2008;1,6615
07/05/2008;1,6741
08/05/2008;1,6936
09/05/2008;1,6949
12/05/2008;1,6743
13/05/2008;1,6583
14/05/2008;1,6641
15/05/2008;1,6601
16/05/2008;1,6434
19/05/2008;1,6460
20/05/2008;1,6570
21/05/2008;1,6492
23/05/2008;1,6547
26/05/2008;1,6610
27/05/2008;1,6681
28/05/2008;1,6630
29/05/2008;1,6496
30/05/2008;1,6294
02/06/2008;1,6320
03/06/2008;1,6215
04/06/2008;1,6307
05/06/2008;1,6262
06/06/2008;1,6282
09/06/2008;1,6265
10/06/2008;1,6392
11/06/2008;1,6428
12/06/2008;1,6400
13/06/2008;1,6368
16/06/2008;1,6277
17/06/2008;1,6127
18/06/2008;1,6113
19/06/2008;1,6051
20/06/2008;1,6042
23/06/2008;1,6117
24/06/2008;1,6046
25/06/2008;1,6001
26/06/2008;1,5951
27/06/2008;1,6077
30/06/2008;1,5919
01/07/2008;1,6061
02/07/2008;1,5993
03/07/2008;1,6089
04/07/2008;1,6100
07/07/2008;1,6041
08/07/2008;1,6027
09/07/2008;1,6092
10/07/2008;1,6147
11/07/2008;1,6032
14/07/2008;1,5942
15/07/2008;1,5910
16/07/2008;1,5960
17/07/2008;1,5913
18/07/2008;1,5938
21/07/2008;1,5818
22/07/2008;1,5811
23/07/2008;1,5834
24/07/2008;1,5781
25/07/2008;1,5745
28/07/2008;1,5754
29/07/2008;1,5730
30/07/2008;1,5641
31/07/2008;1,5666
01/08/2008;1,5593
04/08/2008;1,5659
05/08/2008;1,5732
06/08/2008;1,5782
07/08/2008;1,5843
08/08/2008;1,6136
11/08/2008;1,6148
12/08/2008;1,6161
13/08/2008;1,6211
14/08/2008;1,6204
15/08/2008;1,6389
18/08/2008;1,6349
19/08/2008;1,6343
20/08/2008;1,6207
21/08/2008;1,6143
22/08/2008;1,6217
25/08/2008;1,6275
26/08/2008;1,6375
27/08/2008;1,6213
28/08/2008;1,6262
29/08/2008;1,6344
01/09/2008;1,6447
02/09/2008;1,6602
03/09/2008;1,6728
04/09/2008;1,7010
05/09/2008;1,7305
08/09/2008;1,7282
09/09/2008;1,7544
10/09/2008;1,7858
11/09/2008;1,8255
12/09/2008;1,7912
15/09/2008;1,8125
16/09/2008;1,8410
17/09/2008;1,8660
18/09/2008;1,9159
19/09/2008;1,8398
22/09/2008;1,7989
23/09/2008;1,8242
24/09/2008;1,8445
25/09/2008;1,8277
26/09/2008;1,8555
29/09/2008;1,9559
30/09/2008;1,9143
01/10/2008;1,9213
02/10/2008;2,0081
03/10/2008;2,0540
06/10/2008;2,1769
07/10/2008;2,1883
08/10/2008;2,3924
09/10/2008;2,1818
10/10/2008;2,2880
13/10/2008;2,1562
14/10/2008;2,0789
15/10/2008;2,1551
16/10/2008;2,1854
17/10/2008;2,1020
20/10/2008;2,1174
21/10/2008;2,1941
22/10/2008;2,3650
23/10/2008;2,3147
24/10/2008;2,3112
27/10/2008;2,2524
28/10/2008;2,1700
29/10/2008;2,1320
30/10/2008;2,1151
31/10/2008;2,1153
03/11/2008;2,1818
04/11/2008;2,1227
05/11/2008;2,1210
06/11/2008;2,1593
07/11/2008;2,1613
10/11/2008;2,1335
11/11/2008;2,2010
12/11/2008;2,2632
13/11/2008;2,3314
14/11/2008;2,2800
17/11/2008;2,2940
18/11/2008;2,2996
19/11/2008;2,3766
20/11/2008;2,3962
21/11/2008;2,4277
24/11/2008;2,3500
25/11/2008;2,3056
26/11/2008;2,3221
27/11/2008;2,2657
28/11/2008;2,3331
01/12/2008;2,3565
02/12/2008;2,3457
03/12/2008;2,4213
04/12/2008;2,4905
05/12/2008;2,5004
08/12/2008;2,4689
09/12/2008;2,4829
10/12/2008;2,4683
11/12/2008;2,3397
12/12/2008;2,3920
15/12/2008;2,3690
16/12/2008;2,3783
17/12/2008;2,3576
18/12/2008;2,3572
19/12/2008;2,3859
22/12/2008;2,3740
23/12/2008;2,3829
24/12/2008;2,3751
26/12/2008;2,3613
29/12/2008;2,3956
30/12/2008;2,3370
31/12/2008;2,3370
02/01/2009;2,3298
05/01/2009;2,2780
06/01/2009;2,1889
07/01/2009;2,2174
08/01/2009;2,2683
09/01/2009;2,2867
12/01/2009;2,2969
13/01/2009;2,3083
14/01/2009;2,3341
15/01/2009;2,3803
16/01/2009;2,3248
19/01/2009;2,3306
20/01/2009;2,3548
21/01/2009;2,3544
22/01/2009;2,3299
23/01/2009;2,3568
26/01/2009;2,3149
27/01/2009;2,3109
28/01/2009;2,2982
29/01/2009;2,2761
30/01/2009;2,3162
02/02/2009;2,3475
03/02/2009;2,3144
04/02/2009;2,2994
05/02/2009;2,3065
06/02/2009;2,2658
09/02/2009;2,2446
10/02/2009;2,2528
11/02/2009;2,2870
12/02/2009;2,2909
13/02/2009;2,2680
16/02/2009;2,2719
17/02/2009;2,3131
18/02/2009;2,3396
19/02/2009;2,3249
20/02/2009;2,3916
25/02/2009;2,3814
26/02/2009;2,3503
27/02/2009;2,3784
02/03/2009;2,4121
03/03/2009;2,4218
04/03/2009;2,3917
05/03/2009;2,3822
06/03/2009;2,3768
09/03/2009;2,3781
10/03/2009;2,3515
11/03/2009;2,3366
12/03/2009;2,3158
13/03/2009;2,3012
16/03/2009;2,2705
17/03/2009;2,2833
18/03/2009;2,2806
19/03/2009;2,2379
20/03/2009;2,2567
23/03/2009;2,2505
24/03/2009;2,2567
25/03/2009;2,2435
26/03/2009;2,2375
27/03/2009;2,2745
30/03/2009;2,3297
31/03/2009;2,3152
01/04/2009;2,2899
02/04/2009;2,2355
03/04/2009;2,2072
06/04/2009;2,2252
07/04/2009;2,2249
08/04/2009;2,2014
09/04/2009;2,1766
13/04/2009;2,1699
14/04/2009;2,1876
15/04/2009;2,1992
16/04/2009;2,1791
17/04/2009;2,1864
20/04/2009;2,2350
22/04/2009;2,2128
23/04/2009;2,2107
24/04/2009;2,1933
27/04/2009;2,2165
28/04/2009;2,2037
29/04/2009;2,1838
30/04/2009;2,1783
04/05/2009;2,1369
05/05/2009;2,1476
06/05/2009;2,1213
07/05/2009;2,0984
08/05/2009;2,0750
11/05/2009;2,0579
12/05/2009;2,0649
13/05/2009;2,0992
14/05/2009;2,0929
15/05/2009;2,0762
18/05/2009;2,0784
19/05/2009;2,0488
20/05/2009;2,0199
21/05/2009;2,0264
22/05/2009;2,0279
25/05/2009;2,0234
26/05/2009;2,0261
27/05/2009;2,0095
28/05/2009;2,0144
29/05/2009;1,9730
01/06/2009;1,9440
02/06/2009;1,9370
03/06/2009;1,9600
04/06/2009;1,9497
05/06/2009;1,9534
08/06/2009;1,9704
09/06/2009;1,9385
10/06/2009;1,9474
12/06/2009;1,9301
15/06/2009;1,9458
16/06/2009;1,9461
17/06/2009;1,9784
18/06/2009;1,9709
19/06/2009;1,9592
22/06/2009;2,0074
23/06/2009;2,0019
24/06/2009;1,9724
25/06/2009;1,9562
26/06/2009;1,9396
29/06/2009;1,9487
30/06/2009;1,9516
01/07/2009;1,9342
02/07/2009;1,9469
03/07/2009;1,9474
06/07/2009;1,9711
07/07/2009;1,9641
08/07/2009;1,9982
09/07/2009;1,9921
10/07/2009;2,0147
13/07/2009;1,9895
14/07/2009;1,9704
15/07/2009;1,9420
16/07/2009;1,9340
17/07/2009;1,9290
20/07/2009;1,9068
21/07/2009;1,9043
22/07/2009;1,9029
23/07/2009;1,8922
24/07/2009;1,8960
27/07/2009;1,8837
28/07/2009;1,8819
29/07/2009;1,8982
30/07/2009;1,8811
31/07/2009;1,8726
03/08/2009;1,8369
04/08/2009;1,8272
05/08/2009;1,8181
06/08/2009;1,8348
07/08/2009;1,8232
10/08/2009;1,8412
11/08/2009;1,8457
12/08/2009;1,8386
13/08/2009;1,8325
14/08/2009;1,8385
17/08/2009;1,8682
18/08/2009;1,8574
19/08/2009;1,8433
20/08/2009;1,8434
21/08/2009;1,8297
24/08/2009;1,8339
25/08/2009;1,8419
26/08/2009;1,8670
27/08/2009;1,8669
28/08/2009;1,8740
31/08/2009;1,8864
01/09/2009;1,8829
02/09/2009;1,9038
03/09/2009;1,8702
04/09/2009;1,8501
08/09/2009;1,8254
09/09/2009;1,8280
10/09/2009;1,8261
11/09/2009;1,8179
14/09/2009;1,8197
15/09/2009;1,8087
16/09/2009;1,7984
17/09/2009;1,8094
18/09/2009;1,8049
21/09/2009;1,8172
22/09/2009;1,8061
23/09/2009;1,7916
24/09/2009;1,7917
25/09/2009;1,8017
28/09/2009;1,7910
29/09/2009;1,7928
30/09/2009;1,7781
01/10/2009;1,7794
02/10/2009;1,7844
05/10/2009;1,7673
06/10/2009;1,7533
07/10/2009;1,7595
08/10/2009;1,7412
09/10/2009;1,7389
13/10/2009;1,7298
14/10/2009;1,7099
15/10/2009;1,7037
16/10/2009;1,7135
19/10/2009;1,7130
20/10/2009;1,7450
21/10/2009;1,7440
22/10/2009;1,7304
23/10/2009;1,7113
26/10/2009;1,7157
27/10/2009;1,7342
28/10/2009;1,7447
29/10/2009;1,7436
30/10/2009;1,7440
03/11/2009;1,7588
04/11/2009;1,7271
05/11/2009;1,7240
06/11/2009;1,7179
09/11/2009;1,7024
10/11/2009;1,7096
11/11/2009;1,7112
12/11/2009;1,7250
13/11/2009;1,7290
16/11/2009;1,7127
17/11/2009;1,7153
18/11/2009;1,7103
19/11/2009;1,7287
20/11/2009;1,7356
23/11/2009;1,7245
24/11/2009;1,7282
25/11/2009;1,7272
26/11/2009;1,7409
27/11/2009;1,7443
30/11/2009;1,7505
01/12/2009;1,7293
02/12/2009;1,7201
03/12/2009;1,7096
04/12/2009;1,7131
07/12/2009;1,7302
08/12/2009;1,7482
09/12/2009;1,7611
10/12/2009;1,7627
11/12/2009;1,7521
14/12/2009;1,7483
15/12/2009;1,7557
16/12/2009;1,7518
17/12/2009;1,7823
18/12/2009;1,7879
21/12/2009;1,7787
22/12/2009;1,7825
23/12/2009;1,7763
24/12/2009;1,7527
28/12/2009;1,7398
29/12/2009;1,7421
30/12/2009;1,7412
31/12/2009;1,7412
04/01/2010;1,7240
05/01/2010;1,7227
06/01/2010;1,7337
07/01/2010;1,7413
08/01/2010;1,7390
11/01/2010;1,7323
12/01/2010;1,7439
13/01/2010;1,7442
14/01/2010;1,7648
15/01/2010;1,7711
18/01/2010;1,7721
19/01/2010;1,7747
20/01/2010;1,7854
21/01/2010;1,7903
22/01/2010;1,8187
25/01/2010;1,8194
26/01/2010;1,8367
27/01/2010;1,8513
28/01/2010;1,8560
29/01/2010;1,8748
01/02/2010;1,8773
02/02/2010;1,8363
03/02/2010;1,8337
04/02/2010;1,8715
05/02/2010;1,8753
08/02/2010;1,8730
09/02/2010;1,8550
10/02/2010;1,8483
11/02/2010;1,8516
12/02/2010;1,8670
17/02/2010;1,8313
18/02/2010;1,8266
19/02/2010;1,8116
22/02/2010;1,8046
23/02/2010;1,8186
24/02/2010;1,8203
25/02/2010;1,8364
26/02/2010;1,8110
01/03/2010;1,8000
02/03/2010;1,7851
03/03/2010;1,7846
04/03/2010;1,7888
05/03/2010;1,7824
08/03/2010;1,7826
09/03/2010;1,7899
10/03/2010;1,7716
11/03/2010;1,7693
12/03/2010;1,7637
15/03/2010;1,7644
16/03/2010;1,7666
17/03/2010;1,7640
18/03/2010;1,7848
19/03/2010;1,7954
22/03/2010;1,8030
23/03/2010;1,7813
24/03/2010;1,7904
25/03/2010;1,8008
26/03/2010;1,8231
29/03/2010;1,8064
30/03/2010;1,7952
31/03/2010;1,7810
01/04/2010;1,7701
05/04/2010;1,7573
06/04/2010;1,7605
07/04/2010;1,7662
08/04/2010;1,7806
09/04/2010;1,7730
12/04/2010;1,7608
13/04/2010;1,7584
14/04/2010;1,7446
15/04/2010;1,7483
16/04/2010;1,7558
19/04/2010;1,7588
20/04/2010;1,7497
22/04/2010;1,7626
23/04/2010;1,7624
26/04/2010;1,7446
27/04/2010;1,7592
28/04/2010;1,7558
29/04/2010;1,7321
30/04/2010;1,7306
03/05/2010;1,7315
04/05/2010;1,7557
05/05/2010;1,7862
06/05/2010;1,8353
07/05/2010;1,8343
10/05/2010;1,7833
11/05/2010;1,7843
12/05/2010;1,7723
13/05/2010;1,7737
14/05/2010;1,7967
17/05/2010;1,8045
18/05/2010;1,7921
19/05/2010;1,8366
20/05/2010;1,8677
21/05/2010;1,8710
24/05/2010;1,8522
25/05/2010;1,8811
26/05/2010;1,8461
27/05/2010;1,8328
28/05/2010;1,8229
31/05/2010;1,8167
01/06/2010;1,8255
02/06/2010;1,8362
04/06/2010;1,8401
07/06/2010;1,8634
08/06/2010;1,8658
09/06/2010;1,8423
10/06/2010;1,8185
11/06/2010;1,8125
14/06/2010;1,8030
15/06/2010;1,7971
16/06/2010;1,7893
17/06/2010;1,7817
18/06/2010;1,7761
21/06/2010;1,7663
22/06/2010;1,7680
23/06/2010;1,7908
24/06/2010;1,7907
25/06/2010;1,7781
28/06/2010;1,7826
29/06/2010;1,8076
30/06/2010;1,8015
01/07/2010;1,8006
02/07/2010;1,7785
05/07/2010;1,7755
06/07/2010;1,7665
07/07/2010;1,7719
08/07/2010;1,7652
09/07/2010;1,7572
12/07/2010;1,7644
13/07/2010;1,7525
14/07/2010;1,7657
15/07/2010;1,7690
16/07/2010;1,7792
19/07/2010;1,7854
20/07/2010;1,7800
21/07/2010;1,7766
22/07/2010;1,7629
23/07/2010;1,7617
26/07/2010;1,7669
27/07/2010;1,7658
28/07/2010;1,7650
29/07/2010;1,7643
30/07/2010;1,7572
02/08/2010;1,7489
03/08/2010;1,7594
04/08/2010;1,7563
05/08/2010;1,7535
06/08/2010;1,7566
09/08/2010;1,7537
10/08/2010;1,7576
11/08/2010;1,7663
12/08/2010;1,7731
13/08/2010;1,7716
16/08/2010;1,7639
17/08/2010;1,7528
18/08/2010;1,7513
19/08/2010;1,7584
20/08/2010;1,7597
23/08/2010;1,7587
24/08/2010;1,7727
25/08/2010;1,7668
26/08/2010;1,7596
27/08/2010;1,7544
30/08/2010;1,7591
31/08/2010;1,7560
01/09/2010;1,7441
02/09/2010;1,7367
03/09/2010;1,7281
06/09/2010;1,7259
08/09/2010;1,7231
09/09/2010;1,7238
10/09/2010;1,7186
13/09/2010;1,7174
14/09/2010;1,7076
15/09/2010;1,7169
16/09/2010;1,7184
17/09/2010;1,7166
20/09/2010;1,7216
21/09/2010;1,7255
22/09/2010;1,7184
23/09/2010;1,7194
24/09/2010;1,7120
27/09/2010;1,7100
28/09/2010;1,7093
29/09/2010;1,7053
30/09/2010;1,6942
01/10/2010;1,6812
04/10/2010;1,6882
05/10/2010;1,6808
06/10/2010;1,6758
07/10/2010;1,6777
08/10/2010;1,6804
11/10/2010;1,6648
13/10/2010;1,6554
14/10/2010;1,6596
15/10/2010;1,6604
18/10/2010;1,6686
19/10/2010;1,6868
20/10/2010;1,6735
21/10/2010;1,6897
22/10/2010;1,6997
25/10/2010;1,7026
26/10/2010;1,7045
27/10/2010;1,7077
28/10/2010;1,7112
29/10/2010;1,7014
01/11/2010;1,7044
03/11/2010;1,6937
04/11/2010;1,6819
05/11/2010;1,6801
08/11/2010;1,6970
09/11/2010;1,6970
10/11/2010;1,7070
11/11/2010;1,7178
12/11/2010;1,7198
16/11/2010;1,7295
17/11/2010;1,7298
18/11/2010;1,7143
19/11/2010;1,7189
22/11/2010;1,7235
23/11/2010;1,7336
24/11/2010;1,7247
25/11/2010;1,7206
26/11/2010;1,7298
29/11/2010;1,7271
30/11/2010;1,7161
01/12/2010;1,7052
02/12/2010;1,7029
03/12/2010;1,6917
06/12/2010;1,6836
07/12/2010;1,6739
08/12/2010;1,6892
09/12/2010;1,7024
10/12/2010;1,7117
13/12/2010;1,7027
14/12/2010;1,6949
15/12/2010;1,6988
16/12/2010;1,7028
17/12/2010;1,7098
20/12/2010;1,7082
21/12/2010;1,6974
22/12/2010;1,6946
23/12/2010;1,6984
24/12/2010;1,6903
27/12/2010;1,6922
28/12/2010;1,6866
29/12/2010;1,6788
30/12/2010;1,6662
31/12/2010;1,6662
03/01/2011;1,6510
04/01/2011;1,6556
05/01/2011;1,6713
06/01/2011;1,6857
07/01/2011;1,6861
10/01/2011;1,6912
11/01/2011;1,6887
12/01/2011;1,6773
13/01/2011;1,6701
14/01/2011;1,6843
17/01/2011;1,6818
18/01/2011;1,6745
19/01/2011;1,6714
20/01/2011;1,6715
21/01/2011;1,6723
24/01/2011;1,6731
25/01/2011;1,6745
26/01/2011;1,6692
27/01/2011;1,6720
28/01/2011;1,6782
31/01/2011;1,6734
01/02/2011;1,6631
02/02/2011;1,6671
03/02/2011;1,6697
04/02/2011;1,6738
07/02/2011;1,6776
08/02/2011;1,6711
09/02/2011;1,6643
10/02/2011;1,6680
11/02/2011;1,6679
14/02/2011;1,6681
15/02/2011;1,6682
16/02/2011;1,6704
17/02/2011;1,6661
18/02/2011;1,6677
21/02/2011;1,6667
22/02/2011;1,6694
23/02/2011;1,6720
24/02/2011;1,6649
25/02/2011;1,6625
28/02/2011;1,6612
01/03/2011;1,6627
02/03/2011;1,6610
03/03/2011;1,6545
04/03/2011;1,6462
09/03/2011;1,6559
10/03/2011;1,6612
11/03/2011;1,6649
14/03/2011;1,6631
15/03/2011;1,6692
16/03/2011;1,6674
17/03/2011;1,6757
18/03/2011;1,6720
21/03/2011;1,6652
22/03/2011;1,6638
23/03/2011;1,6602
24/03/2011;1,6593
25/03/2011;1,6581
28/03/2011;1,6614
29/03/2011;1,6546
30/03/2011;1,6360
31/03/2011;1,6287
01/04/2011;1,6194
04/04/2011;1,6110
05/04/2011;1,6087
06/04/2011;1,6097
07/04/2011;1,5927
08/04/2011;1,5762
11/04/2011;1,5805
12/04/2011;1,5870
13/04/2011;1,5864
14/04/2011;1,5842
15/04/2011;1,5776
18/04/2011;1,5912
19/04/2011;1,5792
20/04/2011;1,5722
25/04/2011;1,5720
26/04/2011;1,5654
27/04/2011;1,5705
28/04/2011;1,5853
29/04/2011;1,5733
02/05/2011;1,5747
03/05/2011;1,5890
04/05/2011;1,6030
05/05/2011;1,6219
06/05/2011;1,6111
09/05/2011;1,6199
10/05/2011;1,6069
11/05/2011;1,6178
12/05/2011;1,6207
13/05/2011;1,6328
16/05/2011;1,6317
17/05/2011;1,6290
18/05/2011;1,6166
19/05/2011;1,6165
20/05/2011;1,6169
23/05/2011;1,6339
24/05/2011;1,6256
25/05/2011;1,6297
26/05/2011;1,6196
27/05/2011;1,6038
30/05/2011;1,5958
31/05/2011;1,5799
01/06/2011;1,5878
02/06/2011;1,5805
03/06/2011;1,5744
06/06/2011;1,5810
07/06/2011;1,5764
08/06/2011;1,5820
09/06/2011;1,5877
10/06/2011;1,5938
13/06/2011;1,5888
14/06/2011;1,5821
15/06/2011;1,5960
16/06/2011;1,6108
17/06/2011;1,5979
20/06/2011;1,5969
21/06/2011;1,5910
22/06/2011;1,5877
24/06/2011;1,5988
27/06/2011;1,5969
28/06/2011;1,5833
29/06/2011;1,5730
30/06/2011;1,5611
01/07/2011;1,5599
04/07/2011;1,5580
05/07/2011;1,5637
06/07/2011;1,5662
07/07/2011;1,5581
08/07/2011;1,5634
11/07/2011;1,5796
12/07/2011;1,5773
13/07/2011;1,5762
14/07/2011;1,5729
15/07/2011;1,5743
18/07/2011;1,5828
19/07/2011;1,5691
20/07/2011;1,5651
21/07/2011;1,5567
22/07/2011;1,5547
25/07/2011;1,5449
26/07/2011;1,5345
27/07/2011;1,5639
28/07/2011;1,5651
29/07/2011;1,5563
01/08/2011;1,5551
02/08/2011;1,5656
03/08/2011;1,5651
04/08/2011;1,5752
05/08/2011;1,5895
08/08/2011;1,5999
09/08/2011;1,6334
10/08/2011;1,6183
11/08/2011;1,6306
12/08/2011;1,6157
15/08/2011;1,5956
16/08/2011;1,5918
17/08/2011;1,5830
18/08/2011;1,6062
19/08/2011;1,5960
22/08/2011;1,6009
23/08/2011;1,6036
24/08/2011;1,6039
25/08/2011;1,6154
26/08/2011;1,6114
29/08/2011;1,5974
30/08/2011;1,5904
31/08/2011;1,5872
01/09/2011;1,6040
02/09/2011;1,6343
05/09/2011;1,6522
06/09/2011;1,6583
08/09/2011;1,6566
09/09/2011;1,6774
12/09/2011;1,6899
13/09/2011;1,7127
14/09/2011;1,7288
15/09/2011;1,7106
16/09/2011;1,7122
19/09/2011;1,7763
20/09/2011;1,7870
21/09/2011;1,8280
22/09/2011;1,9016
23/09/2011;1,8735
26/09/2011;1,8445
27/09/2011;1,8008
28/09/2011;1,8131
29/09/2011;1,8291
30/09/2011;1,8544
03/10/2011;1,8811
04/10/2011;1,8856
05/10/2011;1,8456
06/10/2011;1,8116
07/10/2011;1,7666
10/10/2011;1,7478
11/10/2011;1,7658
13/10/2011;1,7536
14/10/2011;1,7376
17/10/2011;1,7488
18/10/2011;1,7724
19/10/2011;1,7604
20/10/2011;1,7826
21/10/2011;1,7803
24/10/2011;1,7768
25/10/2011;1,7548
26/10/2011;1,7606
27/10/2011;1,7323
28/10/2011;1,6986
31/10/2011;1,6885
01/11/2011;1,7506
03/11/2011;1,7270
04/11/2011;1,7415
07/11/2011;1,7503
08/11/2011;1,7453
09/11/2011;1,7516
10/11/2011;1,7610
11/11/2011;1,7547
14/11/2011;1,7649
16/11/2011;1,7772
17/11/2011;1,7775
18/11/2011;1,7723
21/11/2011;1,8061
22/11/2011;1,8069
23/11/2011;1,8441
24/11/2011;1,8660
25/11/2011;1,8937
28/11/2011;1,8596
29/11/2011;1,8486
30/11/2011;1,8109
01/12/2011;1,7929
02/12/2011;1,7843
05/12/2011;1,7830
06/12/2011;1,7913
07/12/2011;1,7980
08/12/2011;1,7941
09/12/2011;1,8130
12/12/2011;1,8219
13/12/2011;1,8409
14/12/2011;1,8728
15/12/2011;1,8609
16/12/2011;1,8465
19/12/2011;1,8616
20/12/2011;1,8508
21/12/2011;1,8556
22/12/2011;1,8578
23/12/2011;1,8560
26/12/2011;1,8566
27/12/2011;1,8585
28/12/2011;1,8634
29/12/2011;1,8758
30/12/2011;1,8758
02/01/2012;1,8683
03/01/2012;1,8457
04/01/2012;1,8272
05/01/2012;1,8371
06/01/2012;1,8449
09/01/2012;1,8442
10/01/2012;1,8042
11/01/2012;1,8048
12/01/2012;1,7874
13/01/2012;1,7853
16/01/2012;1,7836
17/01/2012;1,7760
18/01/2012;1,7791
19/01/2012;1,7648
20/01/2012;1,7670
23/01/2012;1,7528
24/01/2012;1,7649
25/01/2012;1,7632
26/01/2012;1,7389
27/01/2012;1,7436
30/01/2012;1,7509
31/01/2012;1,7391
01/02/2012;1,7376
02/02/2012;1,7326
03/02/2012;1,7223
06/02/2012;1,7249
07/02/2012;1,7261
08/02/2012;1,7195
09/02/2012;1,7225
10/02/2012;1,7260
13/02/2012;1,7169
14/02/2012;1,7173
15/02/2012;1,7158
16/02/2012;1,7326
17/02/2012;1,7136
22/02/2012;1,7076
23/02/2012;1,7040
24/02/2012;1,7098
27/02/2012;1,7088
28/02/2012;1,7024
29/02/2012;1,7092
01/03/2012;1,7152
02/03/2012;1,7245
05/03/2012;1,7314
06/03/2012;1,7556
07/03/2012;1,7692
08/03/2012;1,7697
09/03/2012;1,7767
12/03/2012;1,8157
13/03/2012;1,8102
14/03/2012;1,8146
15/03/2012;1,8006
16/03/2012;1,8018
19/03/2012;1,8090
20/03/2012;1,8259
21/03/2012;1,8267
22/03/2012;1,8250
23/03/2012;1,8194
26/03/2012;1,8143
27/03/2012;1,8135
28/03/2012;1,8223
29/03/2012;1,8334
30/03/2012;1,8221
02/04/2012;1,8314
03/04/2012;1,8256
04/04/2012;1,8316
05/04/2012;1,8301
09/04/2012;1,8260
10/04/2012;1,8317
11/04/2012;1,8303
12/04/2012;1,8270
13/04/2012;1,8364
16/04/2012;1,8373
17/04/2012;1,8454
18/04/2012;1,8694
19/04/2012;1,8867
20/04/2012;1,8786
23/04/2012;1,8864
24/04/2012;1,8780
25/04/2012;1,8807
26/04/2012;1,8871
27/04/2012;1,8852
30/04/2012;1,8918
02/05/2012;1,9149
03/05/2012;1,9277
04/05/2012;1,9210
07/05/2012;1,9268
08/05/2012;1,9366
09/05/2012;1,9577
10/05/2012;1,9581
11/05/2012;1,9513
14/05/2012;1,9866
15/05/2012;1,9947
16/05/2012;1,9974
17/05/2012;1,9973
18/05/2012;2,0095
21/05/2012;2,0374
22/05/2012;2,0493
23/05/2012;2,0816
24/05/2012;2,0384
25/05/2012;2,0032
28/05/2012;1,9778
29/05/2012;1,9944
30/05/2012;2,0078
31/05/2012;2,0223
01/06/2012;2,0350
04/06/2012;2,0410
05/06/2012;2,0266
06/06/2012;2,0183
08/06/2012;2,0353
11/06/2012;2,0348
12/06/2012;2,0564
13/06/2012;2,0604
14/06/2012;2,0691
15/06/2012;2,0443
18/06/2012;2,0634
19/06/2012;2,0440
20/06/2012;2,0293
21/06/2012;2,0363
22/06/2012;2,0555
25/06/2012;2,0718
26/06/2012;2,0743
27/06/2012;2,0764
28/06/2012;2,0904
29/06/2012;2,0213
02/07/2012;1,9893
03/07/2012;1,9888
04/07/2012;2,0201
05/07/2012;2,0292
06/07/2012;2,0359
09/07/2012;2,0312
10/07/2012;2,0332
11/07/2012;2,0310
12/07/2012;2,0471
13/07/2012;2,0338
16/07/2012;2,0380
17/07/2012;2,0349
18/07/2012;2,0258
19/07/2012;2,0239
20/07/2012;2,0227
23/07/2012;2,0412
24/07/2012;2,0418
25/07/2012;2,0403
26/07/2012;2,0255
27/07/2012;2,0173
30/07/2012;2,0313
31/07/2012;2,0499
01/08/2012;2,0432
02/08/2012;2,0475
03/08/2012;2,0313
06/08/2012;2,0279
07/08/2012;2,0281
08/08/2012;2,0273
09/08/2012;2,0182
10/08/2012;2,0175
13/08/2012;2,0266
14/08/2012;2,0258
15/08/2012;2,0234
16/08/2012;2,0214
17/08/2012;2,0182
20/08/2012;2,0209
21/08/2012;2,0173
22/08/2012;2,0210
23/08/2012;2,0241
24/08/2012;2,0255
27/08/2012;2,0293
28/08/2012;2,0433
29/08/2012;2,0509
30/08/2012;2,0513
31/08/2012;2,0372
03/09/2012;2,0335
04/09/2012;2,0392
05/09/2012;2,0385
06/09/2012;2,0381
10/09/2012;2,0241
11/09/2012;2,0197
12/09/2012;2,0204
13/09/2012;2,0254
14/09/2012;2,0139
17/09/2012;2,0312
18/09/2012;2,0274
19/09/2012;2,0236
20/09/2012;2,0263
21/09/2012;2,0240
24/09/2012;2,0273
25/09/2012;2,0251
26/09/2012;2,0341
27/09/2012;2,0311
28/09/2012;2,0306
01/10/2012;2,0260
02/10/2012;2,0266
03/10/2012;2,0266
04/10/2012;2,0224
05/10/2012;2,0246
08/10/2012;2,0313
09/10/2012;2,0337
10/10/2012;2,0378
11/10/2012;2,0369
15/10/2012;2,0382
16/10/2012;2,0351
17/10/2012;2,0336
18/10/2012;2,0295
19/10/2012;2,0272
22/10/2012;2,0266
23/10/2012;2,0286
24/10/2012;2,0263
25/10/2012;2,0261
26/10/2012;2,0263
29/10/2012;2,0296
30/10/2012;2,0323
31/10/2012;2,0313
01/11/2012;2,0312
05/11/2012;2,0350
06/11/2012;2,0341
07/11/2012;2,0330
08/11/2012;2,0357
09/11/2012;2,0512
12/11/2012;2,0476
13/11/2012;2,0614
14/11/2012;2,0629
16/11/2012;2,0712
19/11/2012;2,0745
20/11/2012;2,0835
21/11/2012;2,0924
22/11/2012;2,0912
23/11/2012;2,0985
26/11/2012;2,0787
27/11/2012;2,0752
28/11/2012;2,0912
29/11/2012;2,0991
30/11/2012;2,1074
03/12/2012;2,1121
04/12/2012;2,1077
05/12/2012;2,1046
06/12/2012;2,0836
07/12/2012;2,0804
10/12/2012;2,0810
11/12/2012;2,0743
12/12/2012;2,0801
13/12/2012;2,0751
14/12/2012;2,0840
17/12/2012;2,0902
18/12/2012;2,0966
19/12/2012;2,0791
20/12/2012;2,0625
21/12/2012;2,0758
24/12/2012;2,0774
26/12/2012;2,0569
27/12/2012;2,0483
28/12/2012;2,0435
31/12/2012;2,0435
02/01/2013;2,0415
03/01/2013;2,0464
04/01/2013;2,0425
07/01/2013;2,0312
08/01/2013;2,0286
09/01/2013;2,0417
10/01/2013;2,0358
11/01/2013;2,0341
14/01/2013;2,0334
15/01/2013;2,0374
16/01/2013;2,0409
17/01/2013;2,0411
18/01/2013;2,0441
21/01/2013;2,0420
22/01/2013;2,0471
23/01/2013;2,0394
24/01/2013;2,0344
25/01/2013;2,0285
28/01/2013;2,0241
29/01/2013;1,9912
30/01/2013;1,9900
31/01/2013;1,9883
01/02/2013;1,9843
04/02/2013;1,9893
05/02/2013;1,9881
06/02/2013;1,9884
07/02/2013;1,9789
08/02/2013;1,9636
13/02/2013;1,9670
14/02/2013;1,9666
15/02/2013;1,9600
18/02/2013;1,9676
19/02/2013;1,9597
20/02/2013;1,9570
21/02/2013;1,9720
22/02/2013;1,9705
25/02/2013;1,9676
26/02/2013;1,9818
27/02/2013;1,9807
28/02/2013;1,9754
01/03/2013;1,9848
04/03/2013;1,9827
05/03/2013;1,9693
06/03/2013;1,9673
07/03/2013;1,9642
08/03/2013;1,9528
11/03/2013;1,9552
12/03/2013;1,9585
13/03/2013;1,9619
14/03/2013;1,9676
15/03/2013;1,9749
18/03/2013;1,9871
19/03/2013;1,9830
20/03/2013;1,9868
21/03/2013;1,9931
22/03/2013;2,0126
25/03/2013;2,0140
26/03/2013;2,0087
27/03/2013;2,0185
28/03/2013;2,0138
01/04/2013;2,0186
02/04/2013;2,0179
03/04/2013;2,0239
04/04/2013;2,0201
05/04/2013;2,0035
08/04/2013;1,9902
09/04/2013;1,9861
10/04/2013;1,9810
11/04/2013;1,9736
12/04/2013;1,9761
15/04/2013;1,9790
16/04/2013;1,9903
17/04/2013;1,9939
18/04/2013;2,0152
19/04/2013;2,0089
22/04/2013;2,0154
23/04/2013;2,0170
24/04/2013;2,0244
25/04/2013;2,0119
26/04/2013;2,0001
29/04/2013;1,9999
30/04/2013;2,0017
02/05/2013;2,0095
03/05/2013;2,0093
06/05/2013;2,0143
07/05/2013;2,0110
08/05/2013;2,0030
09/05/2013;2,0051
10/05/2013;2,0231
13/05/2013;2,0150
14/05/2013;2,0063
15/05/2013;2,0233
16/05/2013;2,0254
17/05/2013;2,0354
20/05/2013;2,0333
21/05/2013;2,0402
22/05/2013;2,0387
23/05/2013;2,0537
24/05/2013;2,0495
27/05/2013;2,0527
28/05/2013;2,0616
29/05/2013;2,0894
31/05/2013;2,1319
03/06/2013;2,1355
04/06/2013;2,1282
05/06/2013;2,1235
06/06/2013;2,1250
07/06/2013;2,1372
10/06/2013;2,1506
11/06/2013;2,1521
12/06/2013;2,1420
13/06/2013;2,1447
14/06/2013;2,1367
17/06/2013;2,1538
18/06/2013;2,1706
19/06/2013;2,1744
20/06/2013;2,2523
21/06/2013;2,2648
24/06/2013;2,2515
25/06/2013;2,2185
26/06/2013;2,1975
27/06/2013;2,1846
28/06/2013;2,2156
01/07/2013;2,2297
02/07/2013;2,2412
03/07/2013;2,2634
04/07/2013;2,2595
05/07/2013;2,2645
08/07/2013;2,2583
09/07/2013;2,2628
10/07/2013;2,2697
11/07/2013;2,2672
12/07/2013;2,2670
15/07/2013;2,2548
16/07/2013;2,2353
17/07/2013;2,2372
18/07/2013;2,2297
19/07/2013;2,2364
22/07/2013;2,2386
23/07/2013;2,2267
24/07/2013;2,2348
25/07/2013;2,2497
26/07/2013;2,2488
29/07/2013;2,2609
30/07/2013;2,2734
31/07/2013;2,2903
01/08/2013;2,2914
02/08/2013;2,2933
05/08/2013;2,3010
06/08/2013;2,2955
07/08/2013;2,3028
08/08/2013;2,2882
09/08/2013;2,2748
12/08/2013;2,2722
13/08/2013;2,3035
14/08/2013;2,3118
15/08/2013;2,3434
16/08/2013;2,3565
19/08/2013;2,3980
20/08/2013;2,3943
21/08/2013;2,4169
22/08/2013;2,4457
23/08/2013;2,3868
26/08/2013;2,3705
27/08/2013;2,3998
28/08/2013;2,3515
29/08/2013;2,3578
30/08/2013;2,3725
02/09/2013;2,3643
03/09/2013;2,3897
04/09/2013;2,3538
05/09/2013;2,3314
06/09/2013;2,2979
09/09/2013;2,2868
10/09/2013;2,2779
11/09/2013;2,2947
12/09/2013;2,2769
13/09/2013;2,2785
16/09/2013;2,2649
17/09/2013;2,2617
18/09/2013;2,2489
19/09/2013;2,2036
20/09/2013;2,2053
23/09/2013;2,2033
24/09/2013;2,2031
25/09/2013;2,2224
26/09/2013;2,2285
27/09/2013;2,2571
30/09/2013;2,2300
01/10/2013;2,2123
02/10/2013;2,2088
03/10/2013;2,2069
04/10/2013;2,2051
07/10/2013;2,2087
08/10/2013;2,2016
09/10/2013;2,2054
10/10/2013;2,1850
11/10/2013;2,1821
14/10/2013;2,1817
15/10/2013;2,1818
16/10/2013;2,1629
17/10/2013;2,1611
18/10/2013;2,1616
21/10/2013;2,1738
22/10/2013;2,1760
23/10/2013;2,1826
24/10/2013;2,2003
25/10/2013;2,1848
28/10/2013;2,1846
29/10/2013;2,1804
30/10/2013;2,1888
31/10/2013;2,2026
01/11/2013;2,2468
04/11/2013;2,2426
05/11/2013;2,2747
06/11/2013;2,2785
07/11/2013;2,2825
08/11/2013;2,3170
11/11/2013;2,3142
12/11/2013;2,3362
13/11/2013;2,3234
14/11/2013;2,3289
18/11/2013;2,2828
19/11/2013;2,2662
20/11/2013;2,2726
21/11/2013;2,3067
22/11/2013;2,2913
25/11/2013;2,2871
26/11/2013;2,3040
27/11/2013;2,3058
28/11/2013;2,3208
29/11/2013;2,3249
02/12/2013;2,3449
03/12/2013;2,3558
04/12/2013;2,3740
05/12/2013;2,3747
06/12/2013;2,3525
09/12/2013;2,3225
10/12/2013;2,3102
11/12/2013;2,3262
12/12/2013;2,3338
13/12/2013;2,3354
16/12/2013;2,3255
17/12/2013;2,3221
18/12/2013;2,3274
19/12/2013;2,3528
20/12/2013;2,3817
23/12/2013;2,3706
24/12/2013;2,3554
26/12/2013;2,3507
27/12/2013;2,3538
30/12/2013;2,3426
31/12/2013;2,3426
02/01/2014;2,3975
03/01/2014;2,3741
06/01/2014;2,3789
07/01/2014;2,3634
08/01/2014;2,3779
09/01/2014;2,3960
10/01/2014;2,3819
13/01/2014;2,3491
14/01/2014;2,3617
15/01/2014;2,3470
16/01/2014;2,3683
17/01/2014;2,3601
20/01/2014;2,3335
21/01/2014;2,3608
22/01/2014;2,3601
23/01/2014;2,3761
24/01/2014;2,4129
27/01/2014;2,4044
28/01/2014;2,4165
29/01/2014;2,4397
30/01/2014;2,4224
31/01/2014;2,4263
03/02/2014;2,4090
04/02/2014;2,4177
05/02/2014;2,4106
06/02/2014;2,4041
07/02/2014;2,3817
10/02/2014;2,3936
11/02/2014;2,4076
12/02/2014;2,4086
13/02/2014;2,4238
14/02/2014;2,3924
17/02/2014;2,3870
18/02/2014;2,3983
19/02/2014;2,3986
20/02/2014;2,3799
21/02/2014;2,3625
24/02/2014;2,3391
25/02/2014;2,3367
26/02/2014;2,3454
27/02/2014;2,3436
28/02/2014;2,3334
05/03/2014;2,3240
06/03/2014;2,3094
07/03/2014;2,3382
10/03/2014;2,3410
11/03/2014;2,3461
12/03/2014;2,3649
13/03/2014;2,3486
14/03/2014;2,3638
17/03/2014;2,3518
18/03/2014;2,3522
19/03/2014;2,3338
20/03/2014;2,3420
21/03/2014;2,3245
24/03/2014;2,3248
25/03/2014;2,3124
26/03/2014;2,3119
27/03/2014;2,2830
28/03/2014;2,2603
31/03/2014;2,2630
01/04/2014;2,2620
02/04/2014;2,2711
03/04/2014;2,2811
04/04/2014;2,2420
07/04/2014;2,2326
08/04/2014;2,1974
09/04/2014;2,2111
10/04/2014;2,1987
11/04/2014;2,2059
14/04/2014;2,2096
15/04/2014;2,2257
16/04/2014;2,2342
17/04/2014;2,2482
22/04/2014;2,2449
23/04/2014;2,2426
24/04/2014;2,2229
25/04/2014;2,2325
28/04/2014;2,2370
29/04/2014;2,2199
30/04/2014;2,2360
02/05/2014;2,2221
05/05/2014;2,2286
06/05/2014;2,2322
07/05/2014;2,2282
08/05/2014;2,2107
09/05/2014;2,2192
12/05/2014;2,2164
13/05/2014;2,2101
14/05/2014;2,2129
15/05/2014;2,2166
16/05/2014;2,2110
19/05/2014;2,2111
20/05/2014;2,2156
21/05/2014;2,2111
22/05/2014;2,2131
23/05/2014;2,2187
26/05/2014;2,2209
27/05/2014;2,2354
28/05/2014;2,2405
29/05/2014;2,2251
30/05/2014;2,2390
02/06/2014;2,2640
03/06/2014;2,2654
04/06/2014;2,2802
05/06/2014;2,2695
06/06/2014;2,2445
09/06/2014;2,2336
10/06/2014;2,2296
11/06/2014;2,2307
12/06/2014;2,2306
13/06/2014;2,2347
16/06/2014;2,2313
17/06/2014;2,2486
18/06/2014;2,2534
20/06/2014;2,2380
23/06/2014;2,2195
24/06/2014;2,2217
25/06/2014;2,2052
26/06/2014;2,2089
27/06/2014;2,1975
30/06/2014;2,2025
01/07/2014;2,2054
02/07/2014;2,2134
03/07/2014;2,2281
04/07/2014;2,2149
07/07/2014;2,2201
08/07/2014;2,2150
09/07/2014;2,2139
10/07/2014;2,2237
11/07/2014;2,2228
14/07/2014;2,2176
15/07/2014;2,2195
16/07/2014;2,2193
17/07/2014;2,2403
18/07/2014;2,2362
21/07/2014;2,2238
22/07/2014;2,2129
23/07/2014;2,2202
24/07/2014;2,2204
25/07/2014;2,2293
28/07/2014;2,2302
29/07/2014;2,2278
30/07/2014;2,2447
31/07/2014;2,2674
01/08/2014;2,2607
04/08/2014;2,2577
05/08/2014;2,2756
06/08/2014;2,2790
07/08/2014;2,2802
08/08/2014;2,2986
11/08/2014;2,2779
12/08/2014;2,2770
13/08/2014;2,2692
14/08/2014;2,2703
15/08/2014;2,2690
18/08/2014;2,2595
19/08/2014;2,2587
20/08/2014;2,2550
21/08/2014;2,2582
22/08/2014;2,2778
25/08/2014;2,2808
26/08/2014;2,2748
27/08/2014;2,2591
28/08/2014;2,2499
29/08/2014;2,2396
01/09/2014;2,2364
02/09/2014;2,2521
03/09/2014;2,2319
04/09/2014;2,2356
05/09/2014;2,2416
08/09/2014;2,2491
09/09/2014;2,2813
10/09/2014;2,2967
11/09/2014;2,2880
12/09/2014;2,3251
15/09/2014;2,3401
16/09/2014;2,3351
17/09/2014;2,3384
18/09/2014;2,3668
19/09/2014;2,3656
22/09/2014;2,3870
23/09/2014;2,4026
24/09/2014;2,4070
25/09/2014;2,4085
26/09/2014;2,4310
29/09/2014;2,4522
30/09/2014;2,4510
01/10/2014;2,4623
02/10/2014;2,4785
03/10/2014;2,4932
06/10/2014;2,4098
07/10/2014;2,4038
08/10/2014;2,4072
09/10/2014;2,3914
10/10/2014;2,4103
13/10/2014;2,3923
14/10/2014;2,3991
15/10/2014;2,4316
16/10/2014;2,4770
17/10/2014;2,4477
20/10/2014;2,4554
21/10/2014;2,4797
22/10/2014;2,4781
23/10/2014;2,5004
24/10/2014;2,4805
27/10/2014;2,5341
28/10/2014;2,4869
29/10/2014;2,4346
30/10/2014;2,4119
31/10/2014;2,4442
03/11/2014;2,4839
04/11/2014;2,5195
05/11/2014;2,5168
06/11/2014;2,5325
07/11/2014;2,5721
10/11/2014;2,5390
11/11/2014;2,5644
12/11/2014;2,5550
13/11/2014;2,5725
14/11/2014;2,6136
17/11/2014;2,6035
18/11/2014;2,5967
19/11/2014;2,5849
20/11/2014;2,5450
21/11/2014;2,5391
24/11/2014;2,5282
25/11/2014;2,5237
26/11/2014;2,5103
27/11/2014;2,5065
28/11/2014;2,5601
01/12/2014;2,5624
02/12/2014;2,5664
03/12/2014;2,5607
04/12/2014;2,5797
05/12/2014;2,5888
08/12/2014;2,5923
09/12/2014;2,6016
10/12/2014;2,5931
11/12/2014;2,6271
12/12/2014;2,6558
15/12/2014;2,6717
16/12/2014;2,7403
17/12/2014;2,7246
18/12/2014;2,6676
19/12/2014;2,6486
22/12/2014;2,6527
23/12/2014;2,6775
24/12/2014;2,6832
26/12/2014;2,6812
29/12/2014;2,6783
30/12/2014;2,6562
31/12/2014;2,6562
02/01/2015;2,6929
05/01/2015;2,7107
06/01/2015;2,7023
07/01/2015;2,6807
08/01/2015;2,6919
09/01/2015;2,6583
12/01/2015;2,6575
13/01/2015;2,6485
14/01/2015;2,6222
15/01/2015;2,6122
16/01/2015;2,6193
19/01/2015;2,6243
20/01/2015;2,6247
21/01/2015;2,5968
22/01/2015;2,5754
23/01/2015;2,5856
26/01/2015;2,5966
27/01/2015;2,5809
28/01/2015;2,5797
29/01/2015;2,5960
30/01/2015;2,6623
02/02/2015;2,6894
03/02/2015;2,7059
04/02/2015;2,7148
05/02/2015;2,7386
06/02/2015;2,7641
09/02/2015;2,7873
10/02/2015;2,8075
11/02/2015;2,8576
12/02/2015;2,8625
13/02/2015;2,8392
18/02/2015;2,8430
19/02/2015;2,8545
20/02/2015;2,8701
23/02/2015;2,8811
24/02/2015;2,8649
25/02/2015;2,8646
26/02/2015;2,8728
27/02/2015;2,8782
02/03/2015;2,8655
03/03/2015;2,9051
04/03/2015;2,9804
05/03/2015;2,9931
06/03/2015;3,0366
09/03/2015;3,1018
10/03/2015;3,1299
11/03/2015;3,1162
12/03/2015;3,1171
13/03/2015;3,2264
16/03/2015;3,2257
17/03/2015;3,2683
18/03/2015;3,2518
19/03/2015;3,2642
20/03/2015;3,2423
23/03/2015;3,1800
24/03/2015;3,1310
25/03/2015;3,1476
26/03/2015;3,1915
27/03/2015;3,2259
30/03/2015;3,2601
31/03/2015;3,2080
01/04/2015;3,1556
02/04/2015;3,1492
06/04/2015;3,0926
07/04/2015;3,1231
08/04/2015;3,0834
09/04/2015;3,0466
10/04/2015;3,0796
13/04/2015;3,1011
14/04/2015;3,0880
15/04/2015;3,0681
16/04/2015;3,0249
17/04/2015;3,0544
20/04/2015;3,0473
22/04/2015;3,0186
23/04/2015;3,0084
24/04/2015;2,9745
27/04/2015;2,9236
28/04/2015;2,8943
29/04/2015;2,9375
30/04/2015;2,9936
04/05/2015;3,0754
05/05/2015;3,0626
06/05/2015;3,0420
07/05/2015;3,0421
08/05/2015;2,9966
11/05/2015;3,0175
12/05/2015;3,0389
13/05/2015;3,0103
14/05/2015;3,0032
15/05/2015;2,9894
18/05/2015;3,0145
19/05/2015;3,0284
20/05/2015;3,0347
21/05/2015;3,0295
22/05/2015;3,0653
25/05/2015;3,1212
26/05/2015;3,1351
27/05/2015;3,1740
28/05/2015;3,1748
29/05/2015;3,1788
01/06/2015;3,1789
02/06/2015;3,1443
03/06/2015;3,1184
05/06/2015;3,1684
08/06/2015;3,1190
09/06/2015;3,0991
10/06/2015;3,0843
11/06/2015;3,1514
12/06/2015;3,1107
15/06/2015;3,1036
16/06/2015;3,1082
17/06/2015;3,0989
18/06/2015;3,0472
19/06/2015;3,0788
22/06/2015;3,0757
23/06/2015;3,1042
24/06/2015;3,0852
25/06/2015;3,1015
26/06/2015;3,1271
29/06/2015;3,1390
30/06/2015;3,1026
01/07/2015;3,1191
02/07/2015;3,1173
03/07/2015;3,1271
06/07/2015;3,1431
07/07/2015;3,1809
08/07/2015;3,2282
09/07/2015;3,2163
10/07/2015;3,1897
13/07/2015;3,1594
14/07/2015;3,1230
15/07/2015;3,1532
16/07/2015;3,1375
17/07/2015;3,1832
20/07/2015;3,2149
21/07/2015;3,1813
22/07/2015;3,2094
23/07/2015;3,2850
24/07/2015;3,3254
27/07/2015;3,3557
28/07/2015;3,3815
29/07/2015;3,3419
30/07/2015;3,3652
31/07/2015;3,3940
03/08/2015;3,4425
04/08/2015;3,4675
05/08/2015;3,4851
06/08/2015;3,5347
07/08/2015;3,5181
10/08/2015;3,4909
11/08/2015;3,4925
12/08/2015;3,4826
13/08/2015;3,5074
14/08/2015;3,4761
17/08/2015;3,4746
18/08/2015;3,4811
19/08/2015;3,4849
20/08/2015;3,4751
21/08/2015;3,4896
24/08/2015;3,5494
25/08/2015;3,5345
26/08/2015;3,6326
27/08/2015;3,5555
28/08/2015;3,5790
31/08/2015;3,6467
01/09/2015;3,6725
02/09/2015;3,7314
03/09/2015;3,7760
04/09/2015;3,7986
08/09/2015;3,8028
09/09/2015;3,7870
10/09/2015;3,8698
11/09/2015;3,8698
14/09/2015;3,8653
15/09/2015;3,8599
16/09/2015;3,8368
17/09/2015;3,8921
18/09/2015;3,9021
21/09/2015;3,9821
22/09/2015;4,0425
23/09/2015;4,1041
24/09/2015;4,1949
25/09/2015;3,9479
28/09/2015;4,0099
29/09/2015;4,1172
30/09/2015;3,9729
01/10/2015;3,9794
02/10/2015;4,0010
05/10/2015;3,9141
06/10/2015;3,8567
07/10/2015;3,8060
08/10/2015;3,8517
09/10/2015;3,7386
13/10/2015;3,8250
14/10/2015;3,8507
15/10/2015;3,8344
16/10/2015;3,8438
19/10/2015;3,9015
20/10/2015;3,8656
21/10/2015;3,9386
22/10/2015;3,9360
23/10/2015;3,8988
26/10/2015;3,8582
27/10/2015;3,9114
28/10/2015;3,8797
29/10/2015;3,9328
30/10/2015;3,8589
03/11/2015;3,8126
04/11/2015;3,7687
05/11/2015;3,7893
06/11/2015;3,8059
09/11/2015;3,7928
10/11/2015;3,7981
11/11/2015;3,7327
12/11/2015;3,7996
13/11/2015;3,8023
16/11/2015;3,8336
17/11/2015;3,8052
18/11/2015;3,7921
19/11/2015;3,7442
20/11/2015;3,7010
23/11/2015;3,7231
24/11/2015;3,7081
25/11/2015;3,7688
26/11/2015;3,7606
27/11/2015;3,7399
30/11/2015;3,8506
01/12/2015;3,8745
02/12/2015;3,8545
03/12/2015;3,7970
04/12/2015;3,7575
07/12/2015;3,7476
08/12/2015;3,7921
09/12/2015;3,7580
10/12/2015;3,7685
11/12/2015;3,8548
14/12/2015;3,9023
15/12/2015;3,8703
16/12/2015;3,9357
17/12/2015;3,8929
18/12/2015;3,9062
21/12/2015;3,9831
22/12/2015;3,9770
23/12/2015;3,9632
24/12/2015;3,9524
28/12/2015;3,9186
29/12/2015;3,8492
30/12/2015;3,9048
31/12/2015;3,9048
04/01/2016;4,0387
05/01/2016;4,0114
06/01/2016;4,0303
07/01/2016;4,0475
08/01/2016;4,0250
11/01/2016;4,0153
12/01/2016;4,0299
13/01/2016;3,9863
14/01/2016;4,0223
15/01/2016;4,0402
18/01/2016;4,0364
19/01/2016;4,0303
20/01/2016;4,0861
21/01/2016;4,1558
22/01/2016;4,1232
25/01/2016;4,1002
26/01/2016;4,0967
27/01/2016;4,0448
28/01/2016;4,0838
29/01/2016;4,0428
01/02/2016;3,9986
02/02/2016;3,9919
03/02/2016;3,9558
04/02/2016;3,8653
05/02/2016;3,8975
10/02/2016;3,9412
11/02/2016;3,9642
12/02/2016;3,9891
15/02/2016;3,9885
16/02/2016;4,0213
17/02/2016;4,0318
18/02/2016;4,0091
19/02/2016;4,0492
22/02/2016;3,9618
23/02/2016;3,9684
24/02/2016;3,9900
25/02/2016;3,9400
26/02/2016;3,9578
29/02/2016;3,9796
01/03/2016;3,9913
02/03/2016;3,9116
03/03/2016;3,8504
04/03/2016;3,7188
07/03/2016;3,7714
08/03/2016;3,7813
09/03/2016;3,7037
10/03/2016;3,6700
11/03/2016;3,6271
14/03/2016;3,6239
15/03/2016;3,7116
16/03/2016;3,8079
17/03/2016;3,6445
18/03/2016;3,6146
21/03/2016;3,6229
22/03/2016;3,6073
23/03/2016;3,6531
24/03/2016;3,6948
28/03/2016;3,6408
29/03/2016;3,6687
30/03/2016;3,6116
31/03/2016;3,5589
01/04/2016;3,5799
04/04/2016;3,5871
05/04/2016;3,6581
06/04/2016;3,6749
07/04/2016;3,6921
08/04/2016;3,6385
11/04/2016;3,5284
12/04/2016;3,5406
13/04/2016;3,5429
14/04/2016;3,5126
15/04/2016;3,5276
18/04/2016;3,5904
19/04/2016;3,5538
20/04/2016;3,5503
22/04/2016;3,5829
25/04/2016;3,5472
26/04/2016;3,5301
27/04/2016;3,5295
28/04/2016;3,4992
29/04/2016;3,4508
02/05/2016;3,4991
03/05/2016;3,5550
04/05/2016;3,5397
05/05/2016;3,5296
06/05/2016;3,5362
09/05/2016;3,5387
10/05/2016;3,4772
11/05/2016;3,4645
12/05/2016;3,4877
13/05/2016;3,5041
16/05/2016;3,5035
17/05/2016;3,5037
18/05/2016;3,5368
19/05/2016;3,6003
20/05/2016;3,5419
23/05/2016;3,5660
24/05/2016;3,5491
25/05/2016;3,5804
27/05/2016;3,6168
30/05/2016;3,5997
31/05/2016;3,5951
01/06/2016;3,6126
02/06/2016;3,5961
03/06/2016;3,5409
06/06/2016;3,5098
07/06/2016;3,4745
08/06/2016;3,3898
09/06/2016;3,3817
10/06/2016;3,4261
13/06/2016;3,4533
14/06/2016;3,4839
15/06/2016;3,4768
16/06/2016;3,4904
17/06/2016;3,4372
20/06/2016;3,3835
21/06/2016;3,3897
22/06/2016;3,3883
23/06/2016;3,3533
24/06/2016;3,3772
27/06/2016;3,3934
28/06/2016;3,3267
29/06/2016;3,2435
30/06/2016;3,2098
01/07/2016;3,2298
04/07/2016;3,2480
05/07/2016;3,2904
06/07/2016;3,3242
07/07/2016;3,3388
08/07/2016;3,2968
11/07/2016;3,3031
12/07/2016;3,2750
13/07/2016;3,2896
14/07/2016;3,2311
15/07/2016;3,2656
18/07/2016;3,2634
19/07/2016;3,2801
20/07/2016;3,2512
21/07/2016;3,2585
22/07/2016;3,2854
25/07/2016;3,2819
26/07/2016;3,2790
27/07/2016;3,2820
28/07/2016;3,2740
29/07/2016;3,2390
01/08/2016;3,2662
02/08/2016;3,2490
03/08/2016;3,2733
04/08/2016;3,2183
05/08/2016;3,1859
08/08/2016;3,1771
09/08/2016;3,1503
10/08/2016;3,1302
11/08/2016;3,1364
12/08/2016;3,1602
15/08/2016;3,1672
16/08/2016;3,1749
17/08/2016;3,2248
18/08/2016;3,2215
19/08/2016;3,2267
22/08/2016;3,2163
23/08/2016;3,2054
24/08/2016;3,2372
25/08/2016;3,2319
26/08/2016;3,2153
29/08/2016;3,2613
30/08/2016;3,2525
31/08/2016;3,2403
01/09/2016;3,2472
02/09/2016;3,2431
05/09/2016;3,2721
06/09/2016;3,2452
08/09/2016;3,1934
09/09/2016;3,2638
12/09/2016;3,2854
13/09/2016;3,2972
14/09/2016;3,3262
15/09/2016;3,3326
16/09/2016;3,3004
19/09/2016;3,2636
20/09/2016;3,2540
21/09/2016;3,2408
22/09/2016;3,2015
23/09/2016;3,2242
26/09/2016;3,2400
27/09/2016;3,2358
28/09/2016;3,2476
29/09/2016;3,2235
30/09/2016;3,2462
03/10/2016;3,2338
04/10/2016;3,2203
05/10/2016;3,2359
06/10/2016;3,2310
07/10/2016;3,2134
10/10/2016;3,2125
11/10/2016;3,2136
13/10/2016;3,2087
14/10/2016;3,1864
17/10/2016;3,1963
18/10/2016;3,1874
19/10/2016;3,1800
20/10/2016;3,1605
21/10/2016;3,1593
24/10/2016;3,1311
25/10/2016;3,1193
26/10/2016;3,1219
27/10/2016;3,1429
28/10/2016;3,1815
31/10/2016;3,1811
01/11/2016;3,2053
03/11/2016;3,2310
04/11/2016;3,2449
07/11/2016;3,2024
08/11/2016;3,2024
09/11/2016;3,2258
10/11/2016;3,3104
11/11/2016;3,4377
14/11/2016;3,4446
16/11/2016;3,4183
17/11/2016;3,4052
18/11/2016;3,3917
21/11/2016;3,3517
22/11/2016;3,3476
23/11/2016;3,3927
24/11/2016;3,3987
25/11/2016;3,4279
28/11/2016;3,3996
29/11/2016;3,4060
30/11/2016;3,3967
01/12/2016;3,4362
02/12/2016;3,4650
05/12/2016;3,4598
06/12/2016;3,4354
07/12/2016;3,3895
08/12/2016;3,4008
09/12/2016;3,3858
12/12/2016;3,3697
13/12/2016;3,3340
14/12/2016;3,3103
15/12/2016;3,3830
16/12/2016;3,3712
19/12/2016;3,3778
20/12/2016;3,3586
21/12/2016;3,3297
22/12/2016;3,3302
23/12/2016;3,2696
26/12/2016;3,2701
27/12/2016;3,2776
28/12/2016;3,2774
29/12/2016;3,2591
30/12/2016;3,2591
02/01/2017;3,2729
03/01/2017;3,2632
04/01/2017;3,2333
05/01/2017;3,2129
06/01/2017;3,2057
09/01/2017;3,2097
10/01/2017;3,1918
11/01/2017;3,2154
12/01/2017;3,1661
13/01/2017;3,2034
16/01/2017;3,2234
17/01/2017;3,2100
18/01/2017;3,2211
19/01/2017;3,2113
20/01/2017;3,1918
23/01/2017;3,1609
24/01/2017;3,1649
25/01/2017;3,1690
26/01/2017;3,1804
27/01/2017;3,1596
30/01/2017;3,1316
31/01/2017;3,1270
01/02/2017;3,1479
02/02/2017;3,1196
03/02/2017;3,1241
06/02/2017;3,1179
07/02/2017;3,1304
08/02/2017;3,1255
09/02/2017;3,1185
10/02/2017;3,1155
13/02/2017;3,1175
14/02/2017;3,1004
15/02/2017;3,0779
16/02/2017;3,0510
17/02/2017;3,0950
20/02/2017;3,0918
21/02/2017;3,0970
22/02/2017;3,0824
23/02/2017;3,0638
24/02/2017;3,0993
01/03/2017;3,0976
02/03/2017;3,1138
03/03/2017;3,1364
06/03/2017;3,1111
07/03/2017;3,1185
08/03/2017;3,1477
09/03/2017;3,1735
10/03/2017;3,1623
13/03/2017;3,1541
14/03/2017;3,1639
15/03/2017;3,1629
16/03/2017;3,1080
17/03/2017;3,1075
20/03/2017;3,0898
21/03/2017;3,0765
22/03/2017;3,0939
23/03/2017;3,1248
24/03/2017;3,1282
27/03/2017;3,1256
28/03/2017;3,1303
29/03/2017;3,1229
30/03/2017;3,1247
31/03/2017;3,1684
03/04/2017;3,1167
04/04/2017;3,1231
05/04/2017;3,0923
06/04/2017;3,1160
07/04/2017;3,1302
10/04/2017;3,1409
11/04/2017;3,1424
12/04/2017;3,1463
13/04/2017;3,1269
17/04/2017;3,1036
18/04/2017;3,0958
19/04/2017;3,1294
20/04/2017;3,1453
24/04/2017;3,1251
25/04/2017;3,1577
26/04/2017;3,1847
27/04/2017;3,1763
28/04/2017;3,1984
02/05/2017;3,1724
03/05/2017;3,1489
04/05/2017;3,1780
05/05/2017;3,1764
08/05/2017;3,1938
09/05/2017;3,1857
10/05/2017;3,1606
11/05/2017;3,1559
12/05/2017;3,1290
15/05/2017;3,1011
16/05/2017;3,0924
17/05/2017;3,1076
18/05/2017;3,3807
19/05/2017;3,2878
22/05/2017;3,2863
23/05/2017;3,2654
24/05/2017;3,2629
25/05/2017;3,2824
26/05/2017;3,2614
29/05/2017;3,2709
30/05/2017;3,2659
31/05/2017;3,2437
01/06/2017;3,2307
02/06/2017;3,2401
05/06/2017;3,2820
06/06/2017;3,2817
07/06/2017;3,2747
08/06/2017;3,2838
09/06/2017;3,2740
12/06/2017;3,2986
13/06/2017;3,3208
14/06/2017;3,2836
16/06/2017;3,2892
19/06/2017;3,2975
20/06/2017;3,3145
21/06/2017;3,3247
22/06/2017;3,3362
23/06/2017;3,3342
26/06/2017;3,3128
27/06/2017;3,3172
28/06/2017;3,3030
29/06/2017;3,2952
30/06/2017;3,3082
03/07/2017;3,3015
04/07/2017;3,3050
05/07/2017;3,3193
06/07/2017;3,3064
07/07/2017;3,2895
10/07/2017;3,2650
11/07/2017;3,2522
12/07/2017;3,2264
13/07/2017;3,2108
14/07/2017;3,1899
17/07/2017;3,1821
18/07/2017;3,1668
19/07/2017;3,1533
20/07/2017;3,1402
21/07/2017;3,1256
24/07/2017;3,1459
25/07/2017;3,1556
26/07/2017;3,1657
27/07/2017;3,1513
28/07/2017;3,1457
31/07/2017;3,1307
01/08/2017;3,1161
02/08/2017;3,1268
03/08/2017;3,1194
04/08/2017;3,1224
07/08/2017;3,1267
08/08/2017;3,1320
09/08/2017;3,1464
10/08/2017;3,1543
11/08/2017;3,1695
14/08/2017;3,1888
15/08/2017;3,1976
16/08/2017;3,1670
17/08/2017;3,1603
18/08/2017;3,1654
21/08/2017;3,1443
22/08/2017;3,1539
23/08/2017;3,1569
24/08/2017;3,1404
25/08/2017;3,1462
28/08/2017;3,1563
29/08/2017;3,1695
30/08/2017;3,1638
31/08/2017;3,1471
01/09/2017;3,1333
04/09/2017;3,1389
05/09/2017;3,1203
06/09/2017;3,1133
08/09/2017;3,0908
11/09/2017;3,0852
12/09/2017;3,1144
13/09/2017;3,1343
14/09/2017;3,1354
15/09/2017;3,1255
18/09/2017;3,1239
19/09/2017;3,1323
20/09/2017;3,1281
21/09/2017;3,1347
22/09/2017;3,1285
25/09/2017;3,1412
26/09/2017;3,1674
27/09/2017;3,1932
28/09/2017;3,1871
29/09/2017;3,1680
02/10/2017;3,1642
03/10/2017;3,1502
04/10/2017;3,1315
05/10/2017;3,1347
06/10/2017;3,1648
09/10/2017;3,1770
10/10/2017;3,1688
11/10/2017;3,1639
13/10/2017;3,1572
16/10/2017;3,1607
17/10/2017;3,1769
18/10/2017;3,1673
19/10/2017;3,1732
20/10/2017;3,1833
23/10/2017;3,2003
24/10/2017;3,2470
25/10/2017;3,2387
26/10/2017;3,2444
27/10/2017;3,2801
30/10/2017;3,2547
31/10/2017;3,2769
01/11/2017;3,2736
03/11/2017;3,2920
06/11/2017;3,2851
07/11/2017;3,2733
08/11/2017;3,2509
09/11/2017;3,2515
10/11/2017;3,2661
13/11/2017;3,2873
14/11/2017;3,2834
16/11/2017;3,2808
17/11/2017;3,2788
20/11/2017;3,2623
21/11/2017;3,2591
22/11/2017;3,2561
23/11/2017;3,2371
24/11/2017;3,2300
27/11/2017;3,2218
28/11/2017;3,2232
29/11/2017;3,2136
30/11/2017;3,2616
01/12/2017;3,2636
04/12/2017;3,2506
05/12/2017;3,2322
06/12/2017;3,2354
07/12/2017;3,2892
08/12/2017;3,2811
11/12/2017;3,2845
12/12/2017;3,3149
13/12/2017;3,3036
14/12/2017;3,3332
15/12/2017;3,3182
18/12/2017;3,2881
19/12/2017;3,2883
20/12/2017;3,2909
21/12/2017;3,3045
22/12/2017;3,3209
26/12/2017;3,3200
27/12/2017;3,3031
28/12/2017;3,3080
29/12/2017;3,3080
02/01/2018;3,2697
03/01/2018;3,2535
04/01/2018;3,2318
05/01/2018;3,2409
08/01/2018;3,2357
09/01/2018;3,2397
10/01/2018;3,2467
11/01/2018;3,2301
12/01/2018;3,2197
15/01/2018;3,1963
16/01/2018;3,2219
17/01/2018;3,2324
18/01/2018;3,2129
19/01/2018;3,2087
22/01/2018;3,1934
23/01/2018;3,2249
24/01/2018;3,1970
25/01/2018;3,1391
26/01/2018;3,1450
29/01/2018;3,1655
30/01/2018;3,1661
31/01/2018;3,1624
01/02/2018;3,1730
02/02/2018;3,2060
05/02/2018;3,2355
06/02/2018;3,2613
07/02/2018;3,2467
08/02/2018;3,2692
09/02/2018;3,2821
14/02/2018;3,2536
15/02/2018;3,2208
16/02/2018;3,2381
19/02/2018;3,2347
20/02/2018;3,2507
21/02/2018;3,2555
22/02/2018;3,2598
23/02/2018;3,2417
26/02/2018;3,2351
27/02/2018;3,2383
28/02/2018;3,2449
01/03/2018;3,2620
02/03/2018;3,2614
05/03/2018;3,2582
06/03/2018;3,2246
07/03/2018;3,2318
08/03/2018;3,2518
09/03/2018;3,2496
12/03/2018;3,2606
13/03/2018;3,2492
14/03/2018;3,2584
15/03/2018;3,2859
16/03/2018;3,2905
19/03/2018;3,2911
20/03/2018;3,2981
21/03/2018;3,2921
22/03/2018;3,3033
23/03/2018;3,3041
26/03/2018;3,3034
27/03/2018;3,3256
28/03/2018;3,3380
29/03/2018;3,3238
02/04/2018;3,3104
03/04/2018;3,3139
04/04/2018;3,3538
05/04/2018;3,3196
06/04/2018;3,3666
09/04/2018;3,3903
10/04/2018;3,4195
11/04/2018;3,4052
12/04/2018;3,3858
13/04/2018;3,4105
16/04/2018;3,4263
17/04/2018;3,4041
18/04/2018;3,3844
19/04/2018;3,3977
20/04/2018;3,4101
23/04/2018;3,4421
24/04/2018;3,4667
25/04/2018;3,5040
26/04/2018;3,4977
27/04/2018;3,4676
30/04/2018;3,4811
02/05/2018;3,5424
03/05/2018;3,5484
04/05/2018;3,5308
07/05/2018;3,5458
08/05/2018;3,5788
09/05/2018;3,5943
10/05/2018;3,5566
11/05/2018;3,5716
14/05/2018;3,6097
15/05/2018;3,6753
16/05/2018;3,6803
17/05/2018;3,6874
18/05/2018;3,7503
21/05/2018;3,7072
22/05/2018;3,6502
23/05/2018;3,6507
24/05/2018;3,6436
25/05/2018;3,6587
28/05/2018;3,7092
29/05/2018;3,7289
30/05/2018;3,7370
01/06/2018;3,7413
04/06/2018;3,7424
05/06/2018;3,7752
06/06/2018;3,8193
07/06/2018;3,9000
08/06/2018;3,7859
11/06/2018;3,6913
12/06/2018;3,7044
13/06/2018;3,7054
14/06/2018;3,7057
15/06/2018;3,7738
18/06/2018;3,7543
19/06/2018;3,7566
20/06/2018;3,7335
21/06/2018;3,7894
22/06/2018;3,7663
25/06/2018;3,7760
26/06/2018;3,7721
27/06/2018;3,8358
28/06/2018;3,8521
29/06/2018;3,8558
02/07/2018;3,9055
03/07/2018;3,8920
04/07/2018;3,9058
05/07/2018;3,9192
06/07/2018;3,9264
09/07/2018;3,8692
10/07/2018;3,8452
11/07/2018;3,8417
12/07/2018;3,8564
13/07/2018;3,8745
16/07/2018;3,8579
17/07/2018;3,8671
18/07/2018;3,8474
19/07/2018;3,8847
20/07/2018;3,7793
23/07/2018;3,7915
24/07/2018;3,7459
25/07/2018;3,7120
26/07/2018;3,7243
27/07/2018;3,7164
30/07/2018;3,7155
31/07/2018;3,7549
01/08/2018;3,7491
02/08/2018;3,7645
03/08/2018;3,7201
06/08/2018;3,7214
07/08/2018;3,7118
08/08/2018;3,7519
09/08/2018;3,8030
10/08/2018;3,8472
13/08/2018;3,8988
14/08/2018;3,8812
15/08/2018;3,9134
16/08/2018;3,8810
17/08/2018;3,9389
20/08/2018;3,9430
21/08/2018;3,9873
22/08/2018;4,0740
23/08/2018;4,0727
24/08/2018;4,0854
27/08/2018;4,0687
28/08/2018;4,1192
29/08/2018;4,1353
30/08/2018;4,1812
31/08/2018;4,1353
03/09/2018;4,1279
04/09/2018;4,1652
05/09/2018;4,1609
06/09/2018;4,1460
10/09/2018;4,1007
11/09/2018;4,1641
12/09/2018;4,1259
13/09/2018;4,1637
14/09/2018;4,1879
17/09/2018;4,1695
18/09/2018;4,1369
19/09/2018;4,1351
20/09/2018;4,0997
21/09/2018;4,0728
24/09/2018;4,0594
25/09/2018;4,1286
26/09/2018;4,0570
27/09/2018;4,0092
28/09/2018;4,0039
01/10/2018;4,0273
02/10/2018;3,9505
03/10/2018;3,8542
04/10/2018;3,9047
05/10/2018;3,8699
08/10/2018;3,7588
09/10/2018;3,7391
10/10/2018;3,7510
11/10/2018;3,7460
15/10/2018;3,7332
16/10/2018;3,7079
17/10/2018;3,7008
18/10/2018;3,6963
19/10/2018;3,7079
22/10/2018;3,6903
23/10/2018;3,7080
24/10/2018;3,7060
25/10/2018;3,7014
26/10/2018;3,6753
29/10/2018;3,6368
30/10/2018;3,7019
31/10/2018;3,7177
01/11/2018;3,6973
05/11/2018;3,7048
06/11/2018;3,7492
07/11/2018;3,7592
08/11/2018;3,7391
09/11/2018;3,7506
12/11/2018;3,7478
13/11/2018;3,7792
14/11/2018;3,7924
16/11/2018;3,7525
19/11/2018;3,7553
20/11/2018;3,7591
21/11/2018;3,7872
22/11/2018;3,8103
23/11/2018;3,8081
26/11/2018;3,8655
27/11/2018;3,8925
28/11/2018;3,8631
29/11/2018;3,8568
30/11/2018;3,8633
03/12/2018;3,8285
04/12/2018;3,8313
05/12/2018;3,8561
06/12/2018;3,9178
07/12/2018;3,8964
10/12/2018;3,9110
11/12/2018;3,9013
12/12/2018;3,8629
13/12/2018;3,8790
14/12/2018;3,9090
17/12/2018;3,9121
18/12/2018;3,8997
19/12/2018;3,8907
20/12/2018;3,8443
21/12/2018;3,8671
24/12/2018;3,8855
26/12/2018;3,9258
27/12/2018;3,9330
28/12/2018;3,8748
31/12/2018;3,8748
02/01/2019;3,8595
03/01/2019;3,7683
04/01/2019;3,7627
07/01/2019;3,7062
08/01/2019;3,7208
09/01/2019;3,6931
10/01/2019;3,6869
11/01/2019;3,7141
14/01/2019;3,7260
15/01/2019;3,7049
16/01/2019;3,7197
17/01/2019;3,7591
18/01/2019;3,7486
21/01/2019;3,7705
22/01/2019;3,7615
23/01/2019;3,7994
24/01/2019;3,7815
25/01/2019;3,7626
28/01/2019;3,7676
29/01/2019;3,7370
30/01/2019;3,7151
31/01/2019;3,6519
01/02/2019;3,6694
04/02/2019;3,6756
05/02/2019;3,6741
06/02/2019;3,7019
07/02/2019;3,7193
08/02/2019;3,7184
11/02/2019;3,7391
12/02/2019;3,7296
13/02/2019;3,7277
14/02/2019;3,7756
15/02/2019;3,7155
18/02/2019;3,7316
19/02/2019;3,7206
20/02/2019;3,7100
21/02/2019;3,7595
22/02/2019;3,7430
25/02/2019;3,7285
26/02/2019;3,7595
27/02/2019;3,7351
28/02/2019;3,7385
01/03/2019;3,7832
06/03/2019;3,8303
07/03/2019;3,8487
08/03/2019;3,8678
11/03/2019;3,8461
12/03/2019;3,8129
13/03/2019;3,8265
14/03/2019;3,8327
15/03/2019;3,8344
18/03/2019;3,8111
19/03/2019;3,7762
20/03/2019;3,7897
21/03/2019;3,7967
22/03/2019;3,8815
25/03/2019;3,8770
26/03/2019;3,8646
27/03/2019;3,9389
28/03/2019;3,9682
29/03/2019;3,8967
01/04/2019;3,8682
02/04/2019;3,8661
03/04/2019;3,8436
04/04/2019;3,8713
05/04/2019;3,8622
08/04/2019;3,8658
09/04/2019;3,8563
10/04/2019;3,8345
11/04/2019;3,8399
12/04/2019;3,8685
15/04/2019;3,8730
16/04/2019;3,8913
17/04/2019;3,9225
18/04/2019;3,9370
22/04/2019;3,9230
23/04/2019;3,9436
24/04/2019;3,9630
25/04/2019;3,9725
26/04/2019;3,9353
29/04/2019;3,9364
30/04/2019;3,9453
02/05/2019;3,9650
03/05/2019;3,9388
06/05/2019;3,9624
07/05/2019;3,9880
08/05/2019;3,9344
09/05/2019;3,9673
10/05/2019;3,9578
13/05/2019;3,9890
14/05/2019;3,9788
15/05/2019;4,0031
16/05/2019;4,0138
17/05/2019;4,0844
20/05/2019;4,1056
21/05/2019;4,0810
22/05/2019;4,0228
23/05/2019;4,0513
24/05/2019;4,0322
27/05/2019;4,0210
28/05/2019;4,0275
29/05/2019;3,9965
30/05/2019;3,9720
31/05/2019;3,9407
03/06/2019;3,9003
04/06/2019;3,8710
05/06/2019;3,8611
06/06/2019;3,8726
07/06/2019;3,8571
10/06/2019;3,8790
11/06/2019;3,8664
12/06/2019;3,8437
13/06/2019;3,8429
14/06/2019;3,8813
17/06/2019;3,8895
18/06/2019;3,8608
19/06/2019;3,8723
21/06/2019;3,8255
24/06/2019;3,8234
25/06/2019;3,8303
26/06/2019;3,8441
27/06/2019;3,8642
28/06/2019;3,8322
01/07/2019;3,8193
02/07/2019;3,8564
03/07/2019;3,8475
04/07/2019;3,7940
05/07/2019;3,8204
08/07/2019;3,8065
09/07/2019;3,7858
10/07/2019;3,7697
11/07/2019;3,7533
12/07/2019;3,7452
15/07/2019;3,7463
16/07/2019;3,7624
17/07/2019;3,7618
18/07/2019;3,7489
19/07/2019;3,7408
22/07/2019;3,7400
23/07/2019;3,7621
24/07/2019;3,7596
25/07/2019;3,7849
26/07/2019;3,7741
29/07/2019;3,7909
30/07/2019;3,7900
31/07/2019;3,7649
01/08/2019;3,8296
02/08/2019;3,8739
05/08/2019;3,9404
06/08/2019;3,9643
07/08/2019;3,9850
08/08/2019;3,9409
09/08/2019;3,9362
12/08/2019;3,9966
13/08/2019;3,9736
14/08/2019;4,0074
15/08/2019;4,0188
16/08/2019;3,9933
19/08/2019;4,0274
20/08/2019;4,0425
21/08/2019;4,0254
22/08/2019;4,0444
23/08/2019;4,0851
26/08/2019;4,1367
27/08/2019;4,1557
28/08/2019;4,1559
29/08/2019;4,1680
30/08/2019;4,1385
02/09/2019;4,1581
03/09/2019;4,1657
04/09/2019;4,1249
05/09/2019;4,0859
06/09/2019;4,0650
09/09/2019;4,0766
10/09/2019;4,1108
11/09/2019;4,0631
12/09/2019;4,0494
13/09/2019;4,0616
16/09/2019;4,0872
17/09/2019;4,0998
18/09/2019;4,0972
19/09/2019;4,1393
20/09/2019;4,1687
23/09/2019;4,1734
24/09/2019;4,1721
25/09/2019;4,1827
26/09/2019;4,1469
27/09/2019;4,1587
30/09/2019;4,1644
01/10/2019;4,1740
02/10/2019;4,1546
03/10/2019;4,1012
04/10/2019;4,0610
07/10/2019;4,0688
08/10/2019;4,0868
09/10/2019;4,0954
10/10/2019;4,1145
11/10/2019;4,1060
14/10/2019;4,1263
15/10/2019;4,1488
16/10/2019;4,1714
17/10/2019;4,1457
18/10/2019;4,1376
21/10/2019;4,1319
22/10/2019;4,0858
23/10/2019;4,0721
24/10/2019;4,0089
25/10/2019;4,0133
28/10/2019;3,9793
29/10/2019;3,9946
30/10/2019;4,0186
31/10/2019;4,0041
01/11/2019;3,9786
04/11/2019;3,9922
05/11/2019;4,0043
06/11/2019;4,0351
07/11/2019;4,0927
08/11/2019;4,1365
11/11/2019;4,1559
12/11/2019;4,1756
13/11/2019;4,1767
14/11/2019;4,1831
18/11/2019;4,1827
19/11/2019;4,2084
20/11/2019;4,2037
21/11/2019;4,2012
22/11/2019;4,1832
25/11/2019;4,2089
26/11/2019;4,2559
27/11/2019;4,2602
28/11/2019;4,2480
29/11/2019;4,2240
02/12/2019;4,2261
03/12/2019;4,2008
04/12/2019;4,1926
05/12/2019;4,2136
06/12/2019;4,1783
09/12/2019;4,1503
10/12/2019;4,1427
11/12/2019;4,1153
12/12/2019;4,1092
13/12/2019;4,0949
16/12/2019;4,0801
17/12/2019;4,0687
18/12/2019;4,0548
19/12/2019;4,0633
20/12/2019;4,0777
23/12/2019;4,0757
24/12/2019;4,0813
26/12/2019;4,0601
27/12/2019;4,0545
30/12/2019;4,0307
31/12/2019;4,0307
02/01/2020;4,0213
03/01/2020;4,0522
06/01/2020;4,0554
07/01/2020;4,0841
08/01/2020;4,0672
09/01/2020;4,0744
10/01/2020;4,0745
13/01/2020;4,1309
14/01/2020;4,1443
15/01/2020;4,1622
16/01/2020;4,1726
17/01/2020;4,1837
20/01/2020;4,1829
21/01/2020;4,2014
22/01/2020;4,1889
23/01/2020;4,1662
24/01/2020;4,1769
27/01/2020;4,2196
28/01/2020;4,2064
29/01/2020;4,2013
30/01/2020;4,2523
31/01/2020;4,2695
03/02/2020;4,2475
04/02/2020;4,2381
05/02/2020;4,2449
06/02/2020;4,2477
07/02/2020;4,3076
10/02/2020;4,3195
11/02/2020;4,3148
12/02/2020;4,3366
13/02/2020;4,3389
14/02/2020;4,3163
17/02/2020;4,3157
18/02/2020;4,3471
19/02/2020;4,3728
20/02/2020;4,3873
21/02/2020;4,3924
26/02/2020;4,4359
27/02/2020;4,4764
28/02/2020;4,4987
02/03/2020;4,4946
03/03/2020;4,4883
04/03/2020;4,5258
05/03/2020;4,6207
06/03/2020;4,6459
09/03/2020;4,7379
10/03/2020;4,6693
11/03/2020;4,6738
12/03/2020;4,8833
13/03/2020;4,7362
16/03/2020;4,9471
17/03/2020;5,0496
18/03/2020;5,1107
19/03/2020;5,1444
20/03/2020;5,0248
23/03/2020;5,0805
24/03/2020;5,0713
25/03/2020;5,0706
26/03/2020;5,0010
27/03/2020;5,1109
30/03/2020;5,1594
31/03/2020;5,1987
01/04/2020;5,2404
02/04/2020;5,2651
03/04/2020;5,2997
06/04/2020;5,2471
07/04/2020;5,2217
08/04/2020;5,2123
09/04/2020;5,0779
13/04/2020;5,1824
14/04/2020;5,1858
15/04/2020;5,2579
16/04/2020;5,2377
17/04/2020;5,2573
20/04/2020;5,2837
22/04/2020;5,3847
23/04/2020;5,4467
24/04/2020;5,6510
27/04/2020;5,6358
28/04/2020;5,5683
29/04/2020;5,4291
30/04/2020;5,4270
04/05/2020;5,5816
05/05/2020;5,5354
06/05/2020;5,6676
07/05/2020;5,8365
08/05/2020;5,7653
11/05/2020;5,7954
12/05/2020;5,7723
13/05/2020;5,9022
14/05/2020;5,9372
15/05/2020;5,8229
18/05/2020;5,7375
19/05/2020;5,7216
20/05/2020;5,6968
21/05/2020;5,6019
22/05/2020;5,5808
25/05/2020;5,4772
26/05/2020;5,3707
27/05/2020;5,2992
28/05/2020;5,3405
29/05/2020;5,4263
01/06/2020;5,3639
02/06/2020;5,2601
03/06/2020;5,0516
04/06/2020;5,1041
05/06/2020;4,9775
08/06/2020;4,9331
09/06/2020;4,9057
10/06/2020;4,8894
12/06/2020;5,0373
15/06/2020;5,1883
16/06/2020;5,1285
17/06/2020;5,2499
18/06/2020;5,3468
19/06/2020;5,3466
22/06/2020;5,2226
23/06/2020;5,1705
24/06/2020;5,2435
25/06/2020;5,3287
26/06/2020;5,4629
29/06/2020;5,4416
30/06/2020;5,4760
01/07/2020;5,3651
02/07/2020;5,3028
03/07/2020;5,3374
06/07/2020;5,3085
07/07/2020;5,3318
08/07/2020;5,3482
09/07/2020;5,2978
10/07/2020;5,3440
13/07/2020;5,3486
14/07/2020;5,4288
15/07/2020;5,3491
16/07/2020;5,3560
17/07/2020;5,3510
20/07/2020;5,3635
21/07/2020;5,2283
22/07/2020;5,1111
23/07/2020;5,1647
24/07/2020;5,2146
27/07/2020;5,1889
28/07/2020;5,1777
29/07/2020;5,1395
30/07/2020;5,1837
31/07/2020;5,2033
03/08/2020;5,3075
04/08/2020;5,3329
05/08/2020;5,2760
06/08/2020;5,3431
07/08/2020;5,4227
10/08/2020;5,3933
11/08/2020;5,4285
12/08/2020;5,4551
13/08/2020;5,3801
14/08/2020;5,3852
17/08/2020;5,4497
18/08/2020;5,4659
19/08/2020;5,4906
20/08/2020;5,6510
21/08/2020;5,6064
24/08/2020;5,5954
25/08/2020;5,5997
26/08/2020;5,5680
27/08/2020;5,5956
28/08/2020;5,4679
31/08/2020;5,4713
01/09/2020;5,3732
02/09/2020;5,3741
03/09/2020;5,3079
04/09/2020;5,2848
08/09/2020;5,3698
09/09/2020;5,3024
10/09/2020;5,2936
11/09/2020;5,2854
14/09/2020;5,2984
15/09/2020;5,2728
16/09/2020;5,2532
17/09/2020;5,2593
18/09/2020;5,2889
21/09/2020;5,4440
22/09/2020;5,4329
23/09/2020;5,5311
24/09/2020;5,5714
25/09/2020;5,5667
28/09/2020;5,5858
29/09/2020;5,6528
30/09/2020;5,6407
01/10/2020;5,6441
02/10/2020;5,6464
05/10/2020;5,6299
06/10/2020;5,5205
07/10/2020;5,6018
08/10/2020;5,6200
09/10/2020;5,5393
13/10/2020;5,5859
14/10/2020;5,5675
15/10/2020;5,6172
16/10/2020;5,6226
19/10/2020;5,6023
20/10/2020;5,5830
21/10/2020;5,6006
22/10/2020;5,5820
23/10/2020;5,6120
26/10/2020;5,6328
27/10/2020;5,6491
28/10/2020;5,7325
29/10/2020;5,7803
30/10/2020;5,7718
03/11/2020;5,6895
04/11/2020;5,6932
05/11/2020;5,5624
06/11/2020;5,5313
09/11/2020;5,2821
10/11/2020;5,3696
11/11/2020;5,4020
12/11/2020;5,4094
13/11/2020;5,4854
16/11/2020;5,4198
17/11/2020;5,3968
18/11/2020;5,2932
19/11/2020;5,3330
20/11/2020;5,3505
23/11/2020;5,3828
24/11/2020;5,4037
25/11/2020;5,3508
26/11/2020;5,3201
27/11/2020;5,3494
30/11/2020;5,3317
01/12/2020;5,2789
02/12/2020;5,2267
03/12/2020;5,1625
04/12/2020;5,1706
07/12/2020;5,1018
08/12/2020;5,0920
09/12/2020;5,1109
10/12/2020;5,0852
11/12/2020;5,0691
14/12/2020;5,0578
15/12/2020;5,0968
16/12/2020;5,1057
17/12/2020;5,0612
18/12/2020;5,0986
21/12/2020;5,1572
22/12/2020;5,1473
23/12/2020;5,1740
24/12/2020;5,1800
28/12/2020;5,2390
29/12/2020;5,1942
30/12/2020;5,1967
31/12/2020;5,1967
04/01/2021;5,1626
05/01/2021;5,3269
06/01/2021;5,3182
07/01/2021;5,3433
08/01/2021;5,3683
11/01/2021;5,4966
12/01/2021;5,4637
13/01/2021;5,3070
14/01/2021;5,2617
15/01/2021;5,2714
18/01/2021;5,2788
19/01/2021;5,2945
20/01/2021;5,3033
21/01/2021;5,3166
22/01/2021;5,4301
25/01/2021;5,5089
26/01/2021;5,3865
27/01/2021;5,3824
28/01/2021;5,4282
29/01/2021;5,4759
01/02/2021;5,4608
02/02/2021;5,3875
03/02/2021;5,3423
04/02/2021;5,3910
05/02/2021;5,3884
08/02/2021;5,3670
09/02/2021;5,4216
10/02/2021;5,4024
11/02/2021;5,3626
12/02/2021;5,3815
17/02/2021;5,4138
18/02/2021;5,4238
19/02/2021;5,3924
22/02/2021;5,5044
23/02/2021;5,4490
24/02/2021;5,4182
25/02/2021;5,4600
26/02/2021;5,5302
01/03/2021;5,5832
02/03/2021;5,6844
03/03/2021;5,7342
04/03/2021;5,6008
05/03/2021;5,6870
08/03/2021;5,7343
09/03/2021;5,8397
10/03/2021;5,7449
11/03/2021;5,5890
12/03/2021;5,5640
15/03/2021;5,6296
16/03/2021;5,5851
17/03/2021;5,6579
18/03/2021;5,5474
19/03/2021;5,5082
22/03/2021;5,5269
23/03/2021;5,4951
24/03/2021;5,5330
25/03/2021;5,6585
26/03/2021;5,7042
29/03/2021;5,7925
30/03/2021;5,7642
31/03/2021;5,6973
01/04/2021;5,6849
05/04/2021;5,6579
06/04/2021;5,6263
07/04/2021;5,5864
08/04/2021;5,5817
09/04/2021;5,6445
12/04/2021;5,6582
13/04/2021;5,7064
14/04/2021;5,6936
15/04/2021;5,6234
16/04/2021;5,6328
19/04/2021;5,5750
20/04/2021;5,5266
22/04/2021;5,4970
23/04/2021;5,4787
26/04/2021;5,4566
27/04/2021;5,4424
28/04/2021;5,4005
29/04/2021;5,3662
30/04/2021;5,4036
03/05/2021;5,4087
04/05/2021;5,4505
05/05/2021;5,3872
06/05/2021;5,2897
07/05/2021;5,2217
10/05/2021;5,2227
11/05/2021;5,2403
12/05/2021;5,2353
13/05/2021;5,2815
14/05/2021;5,2701
17/05/2021;5,2755
18/05/2021;5,2588
19/05/2021;5,2822
20/05/2021;5,2905
21/05/2021;5,3027
24/05/2021;5,3198
25/05/2021;5,3143
26/05/2021;5,3164
27/05/2021;5,2840
28/05/2021;5,2281
31/05/2021;5,2322
01/06/2021;5,1636
02/06/2021;5,1147
04/06/2021;5,0666
07/06/2021;5,0498
08/06/2021;5,0489
09/06/2021;5,0533
10/06/2021;5,0635
11/06/2021;5,1190
14/06/2021;5,0707
15/06/2021;5,0874
16/06/2021;5,0207
17/06/2021;5,0359
18/06/2021;5,0314
21/06/2021;5,0373
22/06/2021;5,0178
23/06/2021;4,9519
24/06/2021;4,9277
25/06/2021;4,9206
28/06/2021;4,9420
29/06/2021;4,9450
30/06/2021;5,0022
01/07/2021;5,0055
02/07/2021;5,0293
05/07/2021;5,0749
06/07/2021;5,1645
07/07/2021;5,2328
08/07/2021;5,2587
09/07/2021;5,2393
12/07/2021;5,2239
13/07/2021;5,1770
14/07/2021;5,0880
15/07/2021;5,1000
16/07/2021;5,0941
19/07/2021;5,1978
20/07/2021;5,2465
21/07/2021;5,2516
22/07/2021;5,1978
23/07/2021;5,1701
26/07/2021;5,1863
27/07/2021;5,1669
28/07/2021;5,1527
29/07/2021;5,0682
30/07/2021;5,1216
02/08/2021;5,1379
03/08/2021;5,2464
04/08/2021;5,2091
05/08/2021;5,1464
06/08/2021;5,2410
09/08/2021;5,2774
10/08/2021;5,2217
11/08/2021;5,2013
12/08/2021;5,2351
13/08/2021;5,2474
16/08/2021;5,2495
17/08/2021;5,2585
18/08/2021;5,3025
19/08/2021;5,4180
20/08/2021;5,4274
23/08/2021;5,3686
24/08/2021;5,3017
25/08/2021;5,2465
26/08/2021;5,2429
27/08/2021;5,2200
30/08/2021;5,1952
31/08/2021;5,1433
01/09/2021;5,1576
02/09/2021;5,1735
03/09/2021;5,1685
06/09/2021;5,1773
08/09/2021;5,2524
09/09/2021;5,2825
10/09/2021;5,2158
13/09/2021;5,2190
14/09/2021;5,2260
15/09/2021;5,2576
16/09/2021;5,2594
17/09/2021;5,3103
20/09/2021;5,3332
21/09/2021;5,3044
22/09/2021;5,2783
23/09/2021;5,2891
24/09/2021;5,3435
27/09/2021;5,3478
28/09/2021;5,4206
29/09/2021;5,4173
30/09/2021;5,4394
01/10/2021;5,3911
04/10/2021;5,4204
05/10/2021;5,4611
06/10/2021;5,5097
07/10/2021;5,5140
08/10/2021;5,5084
11/10/2021;5,5161
13/10/2021;5,5471
14/10/2021;5,4988
15/10/2021;5,4510
18/10/2021;5,5193
19/10/2021;5,5521
20/10/2021;5,5571
21/10/2021;5,6423
22/10/2021;5,7117
25/10/2021;5,5973
26/10/2021;5,5800
27/10/2021;5,5667
28/10/2021;5,6124
29/10/2021;5,6430
01/11/2021;5,6694
03/11/2021;5,6672
04/11/2021;5,5942
05/11/2021;5,5455
08/11/2021;5,5627
09/11/2021;5,4957
10/11/2021;5,4590
11/11/2021;5,4171
12/11/2021;5,4199
16/11/2021;5,4772
17/11/2021;5,4993
18/11/2021;5,5470
19/11/2021;5,5584
22/11/2021;5,5841
23/11/2021;5,6456
24/11/2021;5,6027
25/11/2021;5,5740
26/11/2021;5,5865
29/11/2021;5,6118
30/11/2021;5,6199
01/12/2021;5,6168
02/12/2021;5,6345
03/12/2021;5,6432
06/12/2021;5,6877
07/12/2021;5,6411
08/12/2021;5,5779
09/12/2021;5,5564
10/12/2021;5,5931
13/12/2021;5,6357
14/12/2021;5,6461
15/12/2021;5,7127
16/12/2021;5,6963
17/12/2021;5,6959
20/12/2021;5,7055
21/12/2021;5,7372
22/12/2021;5,7201
23/12/2021;5,6910
24/12/2021;5,6591
27/12/2021;5,6650
28/12/2021;5,6438
29/12/2021;5,6619
30/12/2021;5,5805
31/12/2021;5,5805
03/01/2022;5,6309
04/01/2022;5,6776
05/01/2022;5,6628
06/01/2022;5,7042
07/01/2022;5,6753
10/01/2022;5,6736
11/01/2022;5,6351
12/01/2022;5,5611
13/01/2022;5,5246
14/01/2022;5,5349
17/01/2022;5,5058
18/01/2022;5,5213
19/01/2022;5,4978
20/01/2022;5,4166
21/01/2022;5,4401
24/01/2022;5,4910
25/01/2022;5,4971
26/01/2022;5,4324
27/01/2022;5,3812
28/01/2022;5,3954
31/01/2022;5,3574
01/02/2022;5,2810
02/02/2022;5,2956
03/02/2022;5,3025
04/02/2022;5,3284
07/02/2022;5,2913
08/02/2022;5,2699
09/02/2022;5,2735
10/02/2022;5,2101
11/02/2022;5,1987
14/02/2022;5,2106
15/02/2022;5,1881
16/02/2022;5,1630
17/02/2022;5,1565
18/02/2022;5,1339
21/02/2022;5,0997
22/02/2022;5,0611
23/02/2022;5,0143
24/02/2022;5,1174
25/02/2022;5,1394
02/03/2022;5,1347
03/03/2022;5,0479
04/03/2022;5,0758
07/03/2022;5,0579
08/03/2022;5,0903
09/03/2022;5,0094
10/03/2022;5,0513
11/03/2022;5,0255
14/03/2022;5,0647
15/03/2022;5,1314
16/03/2022;5,1287
17/03/2022;5,0764
18/03/2022;5,0411
21/03/2022;4,9666
22/03/2022;4,9208
23/03/2022;4,8704
24/03/2022;4,8067
25/03/2022;4,7782
28/03/2022;4,7905
29/03/2022;4,7486
30/03/2022;4,7497
31/03/2022;4,7378
01/04/2022;4,6984
04/04/2022;4,6175
05/04/2022;4,6400
06/04/2022;4,6967
07/04/2022;4,7422
08/04/2022;4,7513
11/04/2022;4,7025
12/04/2022;4,6483
13/04/2022;4,6811
14/04/2022;4,7158
18/04/2022;4,6746
19/04/2022;4,6664
20/04/2022;4,6397
22/04/2022;4,7326
25/04/2022;4,8818
26/04/2022;4,9666
27/04/2022;5,0167
28/04/2022;5,0110
29/04/2022;4,9191
02/05/2022;5,0266
03/05/2022;5,0167
04/05/2022;5,0093
05/05/2022;5,0051
06/05/2022;5,0750
09/05/2022;5,1340
10/05/2022;5,1390
11/05/2022;5,1244
12/05/2022;5,1482
13/05/2022;5,1075
16/05/2022;5,0666
17/05/2022;4,9676
18/05/2022;4,9592
19/05/2022;4,9198
20/05/2022;4,8777
23/05/2022;4,7973
24/05/2022;4,8106
25/05/2022;4,8359
26/05/2022;4,7967
27/05/2022;4,7434
30/05/2022;4,7216
31/05/2022;4,7289
01/06/2022;4,7765
02/06/2022;4,7879
03/06/2022;4,7956
06/06/2022;4,7839
07/06/2022;4,8909
08/06/2022;4,8711
09/06/2022;4,8951
10/06/2022;4,9836
13/06/2022;5,1033
14/06/2022;5,1203
15/06/2022;5,1119
17/06/2022;5,1313
20/06/2022;5,1641
21/06/2022;5,1462
22/06/2022;5,1509
23/06/2022;5,1833
24/06/2022;5,2334
27/06/2022;5,2214
28/06/2022;5,2179
29/06/2022;5,2268
30/06/2022;5,2380
01/07/2022;5,3142
04/07/2022;5,3038
05/07/2022;5,3899
06/07/2022;5,4321
07/07/2022;5,3640
08/07/2022;5,3086
11/07/2022;5,3477
12/07/2022;5,4120
13/07/2022;5,3992
14/07/2022;5,4568
15/07/2022;5,4014
18/07/2022;5,3675
19/07/2022;5,3904
20/07/2022;5,4288
21/07/2022;5,4750
22/07/2022;5,4522
25/07/2022;5,4144
26/07/2022;5,3608
27/07/2022;5,3074
28/07/2022;5,2149
29/07/2022;5,1884
01/08/2022;5,1606
02/08/2022;5,2329
03/08/2022;5,2846
04/08/2022;5,2409
05/08/2022;5,2165
08/08/2022;5,1247
09/08/2022;5,1224
10/08/2022;5,0497
11/08/2022;5,1127
12/08/2022;5,1023
15/08/2022;5,0925
16/08/2022;5,1340
17/08/2022;5,1784
18/08/2022;5,1773
19/08/2022;5,1961
22/08/2022;5,1709
23/08/2022;5,1030
24/08/2022;5,1050
25/08/2022;5,1173
26/08/2022;5,0903
29/08/2022;5,0428
30/08/2022;5,0617
31/08/2022;5,1790
01/09/2022;5,2007
02/09/2022;5,1878
05/09/2022;5,1686
06/09/2022;5,2228
08/09/2022;5,2155
09/09/2022;5,1633
12/09/2022;5,1183
13/09/2022;5,1794
14/09/2022;5,1774
15/09/2022;5,2211
16/09/2022;5,2882
19/09/2022;5,2367
20/09/2022;5,1705
21/09/2022;5,1692
22/09/2022;5,1677
23/09/2022;5,2257
26/09/2022;5,3548
27/09/2022;5,3508
28/09/2022;5,3594
29/09/2022;5,3916
30/09/2022;5,4066
03/10/2022;5,2002
04/10/2022;5,1411
05/10/2022;5,2144
06/10/2022;5,2009
07/10/2022;5,2221
10/10/2022;5,1941
11/10/2022;5,2068
13/10/2022;5,3017
14/10/2022;5,2824
17/10/2022;5,2713
18/10/2022;5,2697
19/10/2022;5,2808
20/10/2022;5,2176
21/10/2022;5,1919
24/10/2022;5,2744
25/10/2022;5,3091
26/10/2022;5,3248
27/10/2022;5,3003
28/10/2022;5,3454
31/10/2022;5,2570
01/11/2022;5,1500
03/11/2022;5,1349
04/11/2022;5,0360
07/11/2022;5,0886
08/11/2022;5,1744
09/11/2022;5,1629
10/11/2022;5,3064
11/11/2022;5,3051
14/11/2022;5,3013
16/11/2022;5,3204
17/11/2022;5,4655
18/11/2022;5,3477
21/11/2022;5,3259
22/11/2022;5,3339
23/11/2022;5,3930
24/11/2022;5,3149
25/11/2022;5,3508
28/11/2022;5,3796
29/11/2022;5,3076
30/11/2022;5,2941
01/12/2022;5,1948
02/12/2022;5,1974
05/12/2022;5,2464
06/12/2022;5,2396
07/12/2022;5,2208
08/12/2022;5,2091
09/12/2022;5,2396
12/12/2022;5,3066
13/12/2022;5,2669
14/12/2022;5,3406
15/12/2022;5,3183
16/12/2022;5,2806
19/12/2022;5,3160
20/12/2022;5,2427
21/12/2022;5,2031
22/12/2022;5,1871
23/12/2022;5,1445
26/12/2022;5,1872
27/12/2022;5,2832
28/12/2022;5,2736
29/12/2022;5,2177
30/12/2022;5,2177
02/01/2023;5,3436
03/01/2023;5,3759
04/01/2023;5,4459
05/01/2023;5,4026
06/01/2023;5,2855
09/01/2023;5,2967
10/01/2023;5,2395
11/01/2023;5,2020
12/01/2023;5,1400
13/01/2023;5,1146
16/01/2023;5,1115
17/01/2023;5,1203
18/01/2023;5,0909
19/01/2023;5,2144
20/01/2023;5,1986
23/01/2023;5,1922
24/01/2023;5,1696
25/01/2023;5,1042
26/01/2023;5,0951
27/01/2023;5,0767
30/01/2023;5,0959
31/01/2023;5,0993
01/02/2023;5,0721
02/02/2023;4,9901
03/02/2023;5,1030
06/02/2023;5,1763
07/02/2023;5,1695
08/02/2023;5,2036
09/02/2023;5,2315
10/02/2023;5,2526
13/02/2023;5,1834
14/02/2023;5,1507
15/02/2023;5,2243
16/02/2023;5,2432
17/02/2023;5,2012
22/02/2023;5,1730
23/02/2023;5,1330
24/02/2023;5,1791
27/02/2023;5,1960
28/02/2023;5,2078
01/03/2023;5,2070
02/03/2023;5,2080
03/03/2023;5,2037
06/03/2023;5,1970
07/03/2023;5,1901
08/03/2023;5,1387
09/03/2023;5,1353
10/03/2023;5,1822
13/03/2023;5,2400
14/03/2023;5,2362
15/03/2023;5,2981
16/03/2023;5,2892
17/03/2023;5,2679
20/03/2023;5,2467
21/03/2023;5,2444
22/03/2023;5,2648
23/03/2023;5,2632
24/03/2023;5,2921
27/03/2023;5,2306
28/03/2023;5,1733
29/03/2023;5,1493
30/03/2023;5,1254
31/03/2023;5,0804
03/04/2023;5,0637
04/04/2023;5,0762
05/04/2023;5,0447
06/04/2023;5,0683
10/04/2023;5,0834
11/04/2023;5,0128
12/04/2023;4,9496
13/04/2023;4,9097
14/04/2023;4,9455
17/04/2023;4,9421
18/04/2023;4,9678
19/04/2023;5,0467
20/04/2023;5,0497
24/04/2023;5,0595
25/04/2023;5,0613
26/04/2023;5,0585
27/04/2023;5,0150
28/04/2023;5,0007
02/05/2023;5,0334
03/05/2023;5,0227
04/05/2023;5,0106
05/05/2023;4,9696
08/05/2023;4,9696
09/05/2023;5,0007
10/05/2023;4,9547
11/05/2023;4,9696
12/05/2023;4,9234
15/05/2023;4,9103
16/05/2023;4,9122
17/05/2023;4,9513
18/05/2023;4,9647
19/05/2023;4,9858
22/05/2023;4,9680
23/05/2023;4,9674
24/05/2023;4,9474
25/05/2023;4,9990
26/05/2023;5,0114
29/05/2023;4,9954
30/05/2023;5,0593
31/05/2023;5,0959
01/06/2023;5,0350
02/06/2023;4,9558
05/06/2023;4,9236
06/06/2023;4,9292
07/06/2023;4,9119
09/06/2023;4,8922
12/06/2023;4,8832
13/06/2023;4,8533
14/06/2023;4,8462
15/06/2023;4,8222
16/06/2023;4,8286
19/06/2023;4,7803
20/06/2023;4,7930
21/06/2023;4,7795
22/06/2023;4,7750
23/06/2023;4,7799
26/06/2023;4,7698
27/06/2023;4,7903
28/06/2023;4,8563
29/06/2023;4,8584
30/06/2023;4,8192
03/07/2023;4,7876
04/07/2023;4,8056
05/07/2023;4,8577
06/07/2023;4,8977
07/07/2023;4,8799
10/07/2023;4,8735
11/07/2023;4,8949
12/07/2023;4,8058
13/07/2023;4,8038
14/07/2023;4,7957
17/07/2023;4,8302
18/07/2023;4,8040
19/07/2023;4,8000
20/07/2023;4,7888
21/07/2023;4,7732
24/07/2023;4,7457
25/07/2023;4,7496
26/07/2023;4,7368
27/07/2023;4,7202
28/07/2023;4,7253
31/07/2023;4,7415
01/08/2023;4,7752
02/08/2023;4,8083
03/08/2023;4,8797
04/08/2023;4,8609
07/08/2023;4,9010
08/08/2023;4,9217
09/08/2023;4,9015
10/08/2023;4,8518
11/08/2023;4,8918
14/08/2023;4,9481
15/08/2023;4,9812
16/08/2023;4,9772
17/08/2023;4,9816
18/08/2023;4,9724
21/08/2023;4,9847
22/08/2023;4,9431
23/08/2023;4,8977
24/08/2023;4,8748
25/08/2023;4,8772
28/08/2023;4,8938
29/08/2023;4,8706
30/08/2023;4,8653
31/08/2023;4,9219
01/09/2023;4,9318
04/09/2023;4,9176
05/09/2023;4,9705
06/09/2023;4,9762
08/09/2023;4,9835
11/09/2023;4,9366
12/09/2023;4,9505
13/09/2023;4,9171
14/09/2023;4,8751
15/09/2023;4,8689
18/09/2023;4,8535
19/09/2023;4,8575
20/09/2023;4,8487
21/09/2023;4,9229
22/09/2023;4,9131
25/09/2023;4,9606
26/09/2023;4,9717
27/09/2023;5,0289
28/09/2023;5,0475
29/09/2023;5,0076
02/10/2023;5,0679
03/10/2023;5,1100
04/10/2023;5,1526
05/10/2023;5,1713
06/10/2023;5,1918
09/10/2023;5,1666
10/10/2023;5,0862
11/10/2023;5,0496
13/10/2023;5,0625
16/10/2023;5,0618
17/10/2023;5,0384
18/10/2023;5,0568
19/10/2023;5,0540
20/10/2023;5,0528
23/10/2023;5,0164
24/10/2023;5,0065
25/10/2023;4,9981
26/10/2023;5,0055
27/10/2023;4,9480
30/10/2023;5,0074
31/10/2023;5,0575
01/11/2023;5,0194
03/11/2023;4,8910
06/11/2023;4,8999
07/11/2023;4,8670
08/11/2023;4,8855
09/11/2023;4,9007
10/11/2023;4,9219
13/11/2023;4,9247
14/11/2023;4,8682
16/11/2023;4,8575
17/11/2023;4,8849
20/11/2023;4,8723
21/11/2023;4,8806
22/11/2023;4,8968
23/11/2023;4,8931
24/11/2023;4,8927
27/11/2023;4,8951
28/11/2023;4,8867
29/11/2023;4,8933
30/11/2023;4,9355
01/12/2023;4,9191
04/12/2023;4,9091
05/12/2023;4,9522
06/12/2023;4,9031
07/12/2023;4,8949
08/12/2023;4,9158
11/12/2023;4,9440
12/12/2023;4,9476
13/12/2023;4,9580
14/12/2023;4,8912
15/12/2023;4,9397
18/12/2023;4,9399
19/12/2023;4,8663
20/12/2023;4,8766
21/12/2023;4,8755
22/12/2023;4,8619
26/12/2023;4,8368
27/12/2023;4,8306
28/12/2023;4,8413
29/12/2023;4,8413
02/01/2024;4,8916
03/01/2024;4,9212
04/01/2024;4,9188
05/01/2024;4,8899
08/01/2024;4,8850
09/01/2024;4,8937
10/01/2024;4,8901
11/01/2024;4,8794
12/01/2024;4,8543
15/01/2024;4,8765
16/01/2024;4,9038
17/01/2024;4,9346
18/01/2024;4,9403
19/01/2024;4,9223
22/01/2024;4,9490
23/01/2024;4,9715
24/01/2024;4,9192
25/01/2024;4,9232
26/01/2024;4,9125
29/01/2024;4,9225
30/01/2024;4,9638
31/01/2024;4,9535
01/02/2024;4,9350
02/02/2024;4,9471
05/02/2024;5,0053
06/02/2024;4,9687
07/02/2024;4,9608
08/02/2024;4,9804
09/02/2024;4,9717
14/02/2024;4,9723
15/02/2024;4,9710
16/02/2024;4,9761
19/02/2024;4,9585
20/02/2024;4,9408
21/02/2024;4,9303
22/02/2024;4,9419
23/02/2024;4,9851
26/02/2024;4,9819
27/02/2024;4,9575
28/02/2024;4,9557
29/02/2024;4,9833
01/03/2024;4,9596
04/03/2024;4,9475
05/03/2024;4,9488
06/03/2024;4,9398
07/03/2024;4,9364
08/03/2024;4,9751
11/03/2024;4,9777
12/03/2024;4,9813
13/03/2024;4,9803
14/03/2024;4,9768
15/03/2024;4,9937
18/03/2024;5,0124
19/03/2024;5,0352
20/03/2024;5,0120
21/03/2024;4,9807
22/03/2024;4,9897
25/03/2024;4,9869
26/03/2024;4,9870
27/03/2024;4,9856
28/03/2024;4,9962
01/04/2024;5,0532
02/04/2024;5,0476
03/04/2024;5,0724
04/04/2024;5,0237
05/04/2024;5,0520
08/04/2024;5,0421
09/04/2024;5,0080
10/04/2024;5,0654
11/04/2024;5,0765
12/04/2024;5,1364
15/04/2024;5,1746
16/04/2024;5,2635
17/04/2024;5,2469
18/04/2024;5,2512
19/04/2024;5,2269
22/04/2024;5,2043
23/04/2024;5,1626
24/04/2024;5,1592
25/04/2024;5,1679
26/04/2024;5,1184
29/04/2024;5,1155
30/04/2024;5,1718
02/05/2024;5,1184
03/05/2024;5,0668
06/05/2024;5,0727
07/05/2024;5,0610
08/05/2024;5,0887
09/05/2024;5,1577
10/05/2024;5,1464
13/05/2024;5,1412
14/05/2024;5,1356
15/05/2024;5,1423
16/05/2024;5,1270
17/05/2024;5,1157
20/05/2024;5,1085
21/05/2024;5,1037
22/05/2024;5,1502
23/05/2024;5,1443
24/05/2024;5,1508
27/05/2024;5,1704
28/05/2024;5,1538
29/05/2024;5,1972
31/05/2024;5,2416
03/06/2024;5,2373
04/06/2024;5,2687
05/06/2024;5,2841
06/06/2024;5,2681
07/06/2024;5,2802
10/06/2024;5,3666
11/06/2024;5,3524
12/06/2024;5,3891
13/06/2024;5,3974
14/06/2024;5,3630
17/06/2024;5,4130
18/06/2024;5,4074
19/06/2024;5,4647
20/06/2024;5,4254
21/06/2024;5,4416
24/06/2024;5,4000
25/06/2024;5,4290
26/06/2024;5,5097
27/06/2024;5,5229
28/06/2024;5,5589
01/07/2024;5,5893
02/07/2024;5,6677
03/07/2024;5,5863
04/07/2024;5,4839
05/07/2024;5,4970
08/07/2024;5,4720
09/07/2024;5,4387
10/07/2024;5,3967
11/07/2024;5,4100
12/07/2024;5,4529
15/07/2024;5,4563
16/07/2024;5,4274
17/07/2024;5,4670
18/07/2024;5,5426
19/07/2024;5,5543
22/07/2024;5,5598
23/07/2024;5,5807
24/07/2024;5,6346
25/07/2024;5,6402
26/07/2024;5,6465
29/07/2024;5,6479
30/07/2024;5,6532
31/07/2024;5,6621
01/08/2024;5,6681
02/08/2024;5,7366
05/08/2024;5,7646
06/08/2024;5,6528
07/08/2024;5,6093
08/08/2024;5,6172
09/08/2024;5,5115
12/08/2024;5,4911
13/08/2024;5,4875
14/08/2024;5,4502
15/08/2024;5,4651
16/08/2024;5,4632
19/08/2024;5,4237
20/08/2024;5,4547
21/08/2024;5,4707
22/08/2024;5,5524
23/08/2024;5,5263
26/08/2024;5,4921
27/08/2024;5,4969
28/08/2024;5,5315
29/08/2024;5,6358
30/08/2024;5,6562
02/09/2024;5,6230
03/09/2024;5,6224
04/09/2024;5,6359
05/09/2024;5,6049
06/09/2024;5,5702
09/09/2024;5,6097
10/09/2024;5,6254
11/09/2024;5,6387
12/09/2024;5,6554
13/09/2024;5,5717
16/09/2024;5,5207
17/09/2024;5,5010
18/09/2024;5,4767
19/09/2024;5,4189
20/09/2024;5,4775
23/09/2024;5,5446
24/09/2024;5,4702
25/09/2024;5,4736
26/09/2024;5,4412
27/09/2024;5,4431
30/09/2024;5,4481
01/10/2024;5,4521
02/10/2024;5,4305
03/10/2024;5,4850
04/10/2024;5,4686
07/10/2024;5,4626
08/10/2024;5,5197
09/10/2024;5,5737
10/10/2024;5,5819
11/10/2024;5,6263
14/10/2024;5,6045
15/10/2024;5,6378
16/10/2024;5,6749
17/10/2024;5,6758
18/10/2024;5,6672
21/10/2024;5,7068
22/10/2024;5,6958
23/10/2024;5,7149
24/10/2024;5,7087
25/10/2024;5,6969
28/10/2024;5,6988
29/10/2024;5,7140
30/10/2024;5,7801
31/10/2024;5,7779
01/11/2024;5,8073
04/11/2024;5,7898
05/11/2024;5,7846
06/11/2024;5,7648
07/11/2024;5,6624
08/11/2024;5,7648
11/11/2024;5,7980
12/11/2024;5,7694
13/11/2024;5,7713
14/11/2024;5,7885
18/11/2024;5,7603
19/11/2024;5,7743
21/11/2024;5,8173
22/11/2024;5,8124
25/11/2024;5,8002
26/11/2024;5,7990
27/11/2024;5,8291
28/11/2024;5,9871
29/11/2024;6,0535
02/12/2024;6,0634
03/12/2024;6,0707
04/12/2024;6,0581
05/12/2024;5,9849
06/12/2024;6,0293
09/12/2024;6,0570
10/12/2024;6,0529
11/12/2024;6,0320
12/12/2024;5,9408
13/12/2024;6,0400
16/12/2024;6,0509
17/12/2024;6,1685
18/12/2024;6,1624
19/12/2024;6,1841
20/12/2024;6,0780
23/12/2024;6,1612
24/12/2024;6,1541
26/12/2024;6,1656
27/12/2024;6,1991
30/12/2024;6,1923
31/12/2024;6,1923
02/01/2025;6,2086
03/01/2025;6,1563
06/01/2025;6,1119
07/01/2025;6,0741
08/01/2025;6,1321
09/01/2025;6,0896
10/01/2025;6,0965
13/01/2025;6,1079
14/01/2025;6,0671
15/01/2025;6,0377
16/01/2025;6,0322
17/01/2025;6,0609
20/01/2025;6,0498
21/01/2025;6,0440
22/01/2025;5,9674
23/01/2025;5,9399
24/01/2025;5,8925
27/01/2025;5,9272
28/01/2025;5,8930
29/01/2025;5,8596
30/01/2025;5,9006
31/01/2025;5,8301
03/02/2025;5,8687
04/02/2025;5,7927
05/02/2025;5,7997
06/02/2025;5,7856
07/02/2025;5,7557
10/02/2025;5,7808
11/02/2025;5,7788
12/02/2025;5,7711
13/02/2025;5,7788
14/02/2025;5,7283
17/02/2025;5,7105
18/02/2025;5,6979
19/02/2025;5,7087
20/02/2025;5,7019
21/02/2025;5,7027
24/02/2025;5,7258
25/02/2025;5,7779
26/02/2025;5,7757
27/02/2025;5,8228
28/02/2025;5,8488
05/03/2025;5,7914
06/03/2025;5,7489
07/03/2025;5,7688
10/03/2025;5,7930
11/03/2025;5,8346
12/03/2025;5,8268
13/03/2025;5,8131
14/03/2025;5,7419
17/03/2025;5,7082
18/03/2025;5,6852
19/03/2025;5,6657
20/03/2025;5,6628
21/03/2025;5,7241
24/03/2025;5,7403
25/03/2025;5,6992
26/03/2025;5,7298
27/03/2025;5,7474
28/03/2025;5,7660
31/03/2025;5,7422
01/04/2025;5,7051
02/04/2025;5,6923
03/04/2025;5,6067
04/04/2025;5,7777
07/04/2025;5,8877
08/04/2025;5,9368
09/04/2025;6,0605
10/04/2025;5,9115
11/04/2025;5,8737
14/04/2025;5,8425
15/04/2025;5,8707
16/04/2025;5,8808
17/04/2025;5,8559
22/04/2025;5,7496
23/04/2025;5,6880
24/04/2025;5,6738
25/04/2025;5,6846
28/04/2025;5,6681
29/04/2025;5,6467
30/04/2025;5,6608
02/05/2025;5,6394
05/05/2025;5,6520
06/05/2025;5,7210
07/05/2025;5,7375
08/05/2025;5,6860
09/05/2025;5,6511
12/05/2025;5,6822
13/05/2025;5,6262
14/05/2025;5,6100
15/05/2025;5,6328
16/05/2025;5,6925
19/05/2025;5,6591
20/05/2025;5,6620
21/05/2025;5,6571
22/05/2025;5,6390
23/05/2025;5,6932
26/05/2025;5,6619
27/05/2025;5,6539
28/05/2025;5,6936
29/05/2025;5,6559
30/05/2025;5,7087
02/06/2025;5,6937
03/06/2025;5,6694
04/06/2025;5,6332
05/06/2025;5,5969
06/06/2025;5,5947
09/06/2025;5,5760
10/06/2025;5,5557
11/06/2025;5,5390
