Data,
6/6/2008,12.25
7/6/2008,12.25
8/6/2008,12.25
9/6/2008,12.25
10/6/2008,12.25
11/6/2008,12.25
12/6/2008,12.25
13/06/2008,12.25
14/06/2008,12.25
15/06/2008,12.25
16/06/2008,12.25
17/06/2008,12.25
18/06/2008,12.25
19/06/2008,12.25
20/06/2008,12.25
21/06/2008,12.25
22/06/2008,12.25
23/06/2008,12.25
24/06/2008,12.25
25/06/2008,12.25
26/06/2008,12.25
27/06/2008,12.25
28/06/2008,12.25
29/06/2008,12.25
30/06/2008,12.25
1/7/2008,12.25
2/7/2008,12.25
3/7/2008,12.25
4/7/2008,12.25
5/7/2008,12.25
6/7/2008,12.25
7/7/2008,12.25
8/7/2008,12.25
9/7/2008,12.25
10/7/2008,12.25
11/7/2008,12.25
12/7/2008,12.25
13/07/2008,12.25
14/07/2008,12.25
15/07/2008,12.25
16/07/2008,12.25
17/07/2008,12.25
18/07/2008,12.25
19/07/2008,12.25
20/07/2008,12.25
21/07/2008,12.25
22/07/2008,12.25
23/07/2008,12.25
24/07/2008,13
25/07/2008,13
26/07/2008,13
27/07/2008,13
28/07/2008,13
29/07/2008,13
30/07/2008,13
31/07/2008,13
1/8/2008,13
2/8/2008,13
3/8/2008,13
4/8/2008,13
5/8/2008,13
6/8/2008,13
7/8/2008,13
8/8/2008,13
9/8/2008,13
10/8/2008,13
11/8/2008,13
12/8/2008,13
13/08/2008,13
14/08/2008,13
15/08/2008,13
16/08/2008,13
17/08/2008,13
18/08/2008,13
19/08/2008,13
20/08/2008,13
21/08/2008,13
22/08/2008,13
23/08/2008,13
24/08/2008,13
25/08/2008,13
26/08/2008,13
27/08/2008,13
28/08/2008,13
29/08/2008,13
30/08/2008,13
31/08/2008,13
1/9/2008,13
2/9/2008,13
3/9/2008,13
4/9/2008,13
5/9/2008,13
6/9/2008,13
7/9/2008,13
8/9/2008,13
9/9/2008,13
10/9/2008,13
11/9/2008,13.75
12/9/2008,13.75
13/09/2008,13.75
14/09/2008,13.75
15/09/2008,13.75
16/09/2008,13.75
17/09/2008,13.75
18/09/2008,13.75
19/09/2008,13.75
20/09/2008,13.75
21/09/2008,13.75
22/09/2008,13.75
23/09/2008,13.75
24/09/2008,13.75
25/09/2008,13.75
26/09/2008,13.75
27/09/2008,13.75
28/09/2008,13.75
29/09/2008,13.75
30/09/2008,13.75
1/10/2008,13.75
2/10/2008,13.75
3/10/2008,13.75
4/10/2008,13.75
5/10/2008,13.75
6/10/2008,13.75
7/10/2008,13.75
8/10/2008,13.75
9/10/2008,13.75
10/10/2008,13.75
11/10/2008,13.75
12/10/2008,13.75
13/10/2008,13.75
14/10/2008,13.75
15/10/2008,13.75
16/10/2008,13.75
17/10/2008,13.75
18/10/2008,13.75
19/10/2008,13.75
20/10/2008,13.75
21/10/2008,13.75
22/10/2008,13.75
23/10/2008,13.75
24/10/2008,13.75
25/10/2008,13.75
26/10/2008,13.75
27/10/2008,13.75
28/10/2008,13.75
29/10/2008,13.75
30/10/2008,13.75
31/10/2008,13.75
1/11/2008,13.75
2/11/2008,13.75
3/11/2008,13.75
4/11/2008,13.75
5/11/2008,13.75
6/11/2008,13.75
7/11/2008,13.75
8/11/2008,13.75
9/11/2008,13.75
10/11/2008,13.75
11/11/2008,13.75
12/11/2008,13.75
13/11/2008,13.75
14/11/2008,13.75
15/11/2008,13.75
16/11/2008,13.75
17/11/2008,13.75
18/11/2008,13.75
19/11/2008,13.75
20/11/2008,13.75
21/11/2008,13.75
22/11/2008,13.75
23/11/2008,13.75
24/11/2008,13.75
25/11/2008,13.75
26/11/2008,13.75
27/11/2008,13.75
28/11/2008,13.75
29/11/2008,13.75
30/11/2008,13.75
1/12/2008,13.75
2/12/2008,13.75
3/12/2008,13.75
4/12/2008,13.75
5/12/2008,13.75
6/12/2008,13.75
7/12/2008,13.75
8/12/2008,13.75
9/12/2008,13.75
10/12/2008,13.75
11/12/2008,13.75
12/12/2008,13.75
13/12/2008,13.75
14/12/2008,13.75
15/12/2008,13.75
16/12/2008,13.75
17/12/2008,13.75
18/12/2008,13.75
19/12/2008,13.75
20/12/2008,13.75
21/12/2008,13.75
22/12/2008,13.75
23/12/2008,13.75
24/12/2008,13.75
25/12/2008,13.75
26/12/2008,13.75
27/12/2008,13.75
28/12/2008,13.75
29/12/2008,13.75
30/12/2008,13.75
31/12/2008,13.75
1/1/2009,13.75
2/1/2009,13.75
3/1/2009,13.75
4/1/2009,13.75
5/1/2009,13.75
6/1/2009,13.75
7/1/2009,13.75
8/1/2009,13.75
9/1/2009,13.75
10/1/2009,13.75
11/1/2009,13.75
12/1/2009,13.75
13/01/2009,13.75
14/01/2009,13.75
15/01/2009,13.75
16/01/2009,13.75
17/01/2009,13.75
18/01/2009,13.75
19/01/2009,13.75
20/01/2009,13.75
21/01/2009,13.75
22/01/2009,12.75
23/01/2009,12.75
24/01/2009,12.75
25/01/2009,12.75
26/01/2009,12.75
27/01/2009,12.75
28/01/2009,12.75
29/01/2009,12.75
30/01/2009,12.75
31/01/2009,12.75
1/2/2009,12.75
2/2/2009,12.75
3/2/2009,12.75
4/2/2009,12.75
5/2/2009,12.75
6/2/2009,12.75
7/2/2009,12.75
8/2/2009,12.75
9/2/2009,12.75
10/2/2009,12.75
11/2/2009,12.75
12/2/2009,12.75
13/02/2009,12.75
14/02/2009,12.75
15/02/2009,12.75
16/02/2009,12.75
17/02/2009,12.75
18/02/2009,12.75
19/02/2009,12.75
20/02/2009,12.75
21/02/2009,12.75
22/02/2009,12.75
23/02/2009,12.75
24/02/2009,12.75
25/02/2009,12.75
26/02/2009,12.75
27/02/2009,12.75
28/02/2009,12.75
1/3/2009,12.75
2/3/2009,12.75
3/3/2009,12.75
4/3/2009,12.75
5/3/2009,12.75
6/3/2009,12.75
7/3/2009,12.75
8/3/2009,12.75
9/3/2009,12.75
10/3/2009,12.75
11/3/2009,12.75
12/3/2009,11.25
13/03/2009,11.25
14/03/2009,11.25
15/03/2009,11.25
16/03/2009,11.25
17/03/2009,11.25
18/03/2009,11.25
19/03/2009,11.25
20/03/2009,11.25
21/03/2009,11.25
22/03/2009,11.25
23/03/2009,11.25
24/03/2009,11.25
25/03/2009,11.25
26/03/2009,11.25
27/03/2009,11.25
28/03/2009,11.25
29/03/2009,11.25
30/03/2009,11.25
31/03/2009,11.25
1/4/2009,11.25
2/4/2009,11.25
3/4/2009,11.25
4/4/2009,11.25
5/4/2009,11.25
6/4/2009,11.25
7/4/2009,11.25
8/4/2009,11.25
9/4/2009,11.25
10/4/2009,11.25
11/4/2009,11.25
12/4/2009,11.25
13/04/2009,11.25
14/04/2009,11.25
15/04/2009,11.25
16/04/2009,11.25
17/04/2009,11.25
18/04/2009,11.25
19/04/2009,11.25
20/04/2009,11.25
21/04/2009,11.25
22/04/2009,11.25
23/04/2009,11.25
24/04/2009,11.25
25/04/2009,11.25
26/04/2009,11.25
27/04/2009,11.25
28/04/2009,11.25
29/04/2009,11.25
30/04/2009,10.25
1/5/2009,10.25
2/5/2009,10.25
3/5/2009,10.25
4/5/2009,10.25
5/5/2009,10.25
6/5/2009,10.25
7/5/2009,10.25
8/5/2009,10.25
9/5/2009,10.25
10/5/2009,10.25
11/5/2009,10.25
12/5/2009,10.25
13/05/2009,10.25
14/05/2009,10.25
15/05/2009,10.25
16/05/2009,10.25
17/05/2009,10.25
18/05/2009,10.25
19/05/2009,10.25
20/05/2009,10.25
21/05/2009,10.25
22/05/2009,10.25
23/05/2009,10.25
24/05/2009,10.25
25/05/2009,10.25
26/05/2009,10.25
27/05/2009,10.25
28/05/2009,10.25
29/05/2009,10.25
30/05/2009,10.25
31/05/2009,10.25
1/6/2009,10.25
2/6/2009,10.25
3/6/2009,10.25
4/6/2009,10.25
5/6/2009,10.25
6/6/2009,10.25
7/6/2009,10.25
8/6/2009,10.25
9/6/2009,10.25
10/6/2009,10.25
11/6/2009,10.25
12/6/2009,9.25
13/06/2009,9.25
14/06/2009,9.25
15/06/2009,9.25
16/06/2009,9.25
17/06/2009,9.25
18/06/2009,9.25
19/06/2009,9.25
20/06/2009,9.25
21/06/2009,9.25
22/06/2009,9.25
23/06/2009,9.25
24/06/2009,9.25
25/06/2009,9.25
26/06/2009,9.25
27/06/2009,9.25
28/06/2009,9.25
29/06/2009,9.25
30/06/2009,9.25
1/7/2009,9.25
2/7/2009,9.25
3/7/2009,9.25
4/7/2009,9.25
5/7/2009,9.25
6/7/2009,9.25
7/7/2009,9.25
8/7/2009,9.25
9/7/2009,9.25
10/7/2009,9.25
11/7/2009,9.25
12/7/2009,9.25
13/07/2009,9.25
14/07/2009,9.25
15/07/2009,9.25
16/07/2009,9.25
17/07/2009,9.25
18/07/2009,9.25
19/07/2009,9.25
20/07/2009,9.25
21/07/2009,9.25
22/07/2009,9.25
23/07/2009,8.75
24/07/2009,8.75
25/07/2009,8.75
26/07/2009,8.75
27/07/2009,8.75
28/07/2009,8.75
29/07/2009,8.75
30/07/2009,8.75
31/07/2009,8.75
1/8/2009,8.75
2/8/2009,8.75
3/8/2009,8.75
4/8/2009,8.75
5/8/2009,8.75
6/8/2009,8.75
7/8/2009,8.75
8/8/2009,8.75
9/8/2009,8.75
10/8/2009,8.75
11/8/2009,8.75
12/8/2009,8.75
13/08/2009,8.75
14/08/2009,8.75
15/08/2009,8.75
16/08/2009,8.75
17/08/2009,8.75
18/08/2009,8.75
19/08/2009,8.75
20/08/2009,8.75
21/08/2009,8.75
22/08/2009,8.75
23/08/2009,8.75
24/08/2009,8.75
25/08/2009,8.75
26/08/2009,8.75
27/08/2009,8.75
28/08/2009,8.75
29/08/2009,8.75
30/08/2009,8.75
31/08/2009,8.75
1/9/2009,8.75
2/9/2009,8.75
3/9/2009,8.75
4/9/2009,8.75
5/9/2009,8.75
6/9/2009,8.75
7/9/2009,8.75
8/9/2009,8.75
9/9/2009,8.75
10/9/2009,8.75
11/9/2009,8.75
12/9/2009,8.75
13/09/2009,8.75
14/09/2009,8.75
15/09/2009,8.75
16/09/2009,8.75
17/09/2009,8.75
18/09/2009,8.75
19/09/2009,8.75
20/09/2009,8.75
21/09/2009,8.75
22/09/2009,8.75
23/09/2009,8.75
24/09/2009,8.75
25/09/2009,8.75
26/09/2009,8.75
27/09/2009,8.75
28/09/2009,8.75
29/09/2009,8.75
30/09/2009,8.75
1/10/2009,8.75
2/10/2009,8.75
3/10/2009,8.75
4/10/2009,8.75
5/10/2009,8.75
6/10/2009,8.75
7/10/2009,8.75
8/10/2009,8.75
9/10/2009,8.75
10/10/2009,8.75
11/10/2009,8.75
12/10/2009,8.75
13/10/2009,8.75
14/10/2009,8.75
15/10/2009,8.75
16/10/2009,8.75
17/10/2009,8.75
18/10/2009,8.75
19/10/2009,8.75
20/10/2009,8.75
21/10/2009,8.75
22/10/2009,8.75
23/10/2009,8.75
24/10/2009,8.75
25/10/2009,8.75
26/10/2009,8.75
27/10/2009,8.75
28/10/2009,8.75
29/10/2009,8.75
30/10/2009,8.75
31/10/2009,8.75
1/11/2009,8.75
2/11/2009,8.75
3/11/2009,8.75
4/11/2009,8.75
5/11/2009,8.75
6/11/2009,8.75
7/11/2009,8.75
8/11/2009,8.75
9/11/2009,8.75
10/11/2009,8.75
11/11/2009,8.75
12/11/2009,8.75
13/11/2009,8.75
14/11/2009,8.75
15/11/2009,8.75
16/11/2009,8.75
17/11/2009,8.75
18/11/2009,8.75
19/11/2009,8.75
20/11/2009,8.75
21/11/2009,8.75
22/11/2009,8.75
23/11/2009,8.75
24/11/2009,8.75
25/11/2009,8.75
26/11/2009,8.75
27/11/2009,8.75
28/11/2009,8.75
29/11/2009,8.75
30/11/2009,8.75
1/12/2009,8.75
2/12/2009,8.75
3/12/2009,8.75
4/12/2009,8.75
5/12/2009,8.75
6/12/2009,8.75
7/12/2009,8.75
8/12/2009,8.75
9/12/2009,8.75
10/12/2009,8.75
11/12/2009,8.75
12/12/2009,8.75
13/12/2009,8.75
14/12/2009,8.75
15/12/2009,8.75
16/12/2009,8.75
17/12/2009,8.75
18/12/2009,8.75
19/12/2009,8.75
20/12/2009,8.75
21/12/2009,8.75
22/12/2009,8.75
23/12/2009,8.75
24/12/2009,8.75
25/12/2009,8.75
26/12/2009,8.75
27/12/2009,8.75
28/12/2009,8.75
29/12/2009,8.75
30/12/2009,8.75
31/12/2009,8.75
1/1/2010,8.75
2/1/2010,8.75
3/1/2010,8.75
4/1/2010,8.75
5/1/2010,8.75
6/1/2010,8.75
7/1/2010,8.75
8/1/2010,8.75
9/1/2010,8.75
10/1/2010,8.75
11/1/2010,8.75
12/1/2010,8.75
13/01/2010,8.75
14/01/2010,8.75
15/01/2010,8.75
16/01/2010,8.75
17/01/2010,8.75
18/01/2010,8.75
19/01/2010,8.75
20/01/2010,8.75
21/01/2010,8.75
22/01/2010,8.75
23/01/2010,8.75
24/01/2010,8.75
25/01/2010,8.75
26/01/2010,8.75
27/01/2010,8.75
28/01/2010,8.75
29/01/2010,8.75
30/01/2010,8.75
31/01/2010,8.75
1/2/2010,8.75
2/2/2010,8.75
3/2/2010,8.75
4/2/2010,8.75
5/2/2010,8.75
6/2/2010,8.75
7/2/2010,8.75
8/2/2010,8.75
9/2/2010,8.75
10/2/2010,8.75
11/2/2010,8.75
12/2/2010,8.75
13/02/2010,8.75
14/02/2010,8.75
15/02/2010,8.75
16/02/2010,8.75
17/02/2010,8.75
18/02/2010,8.75
19/02/2010,8.75
20/02/2010,8.75
21/02/2010,8.75
22/02/2010,8.75
23/02/2010,8.75
24/02/2010,8.75
25/02/2010,8.75
26/02/2010,8.75
27/02/2010,8.75
28/02/2010,8.75
1/3/2010,8.75
2/3/2010,8.75
3/3/2010,8.75
4/3/2010,8.75
5/3/2010,8.75
6/3/2010,8.75
7/3/2010,8.75
8/3/2010,8.75
9/3/2010,8.75
10/3/2010,8.75
11/3/2010,8.75
12/3/2010,8.75
13/03/2010,8.75
14/03/2010,8.75
15/03/2010,8.75
16/03/2010,8.75
17/03/2010,8.75
18/03/2010,8.75
19/03/2010,8.75
20/03/2010,8.75
21/03/2010,8.75
22/03/2010,8.75
23/03/2010,8.75
24/03/2010,8.75
25/03/2010,8.75
26/03/2010,8.75
27/03/2010,8.75
28/03/2010,8.75
29/03/2010,8.75
30/03/2010,8.75
31/03/2010,8.75
1/4/2010,8.75
2/4/2010,8.75
3/4/2010,8.75
4/4/2010,8.75
5/4/2010,8.75
6/4/2010,8.75
7/4/2010,8.75
8/4/2010,8.75
9/4/2010,8.75
10/4/2010,8.75
11/4/2010,8.75
12/4/2010,8.75
13/04/2010,8.75
14/04/2010,8.75
15/04/2010,8.75
16/04/2010,8.75
17/04/2010,8.75
18/04/2010,8.75
19/04/2010,8.75
20/04/2010,8.75
21/04/2010,8.75
22/04/2010,8.75
23/04/2010,8.75
24/04/2010,8.75
25/04/2010,8.75
26/04/2010,8.75
27/04/2010,8.75
28/04/2010,8.75
29/04/2010,9.5
30/04/2010,9.5
1/5/2010,9.5
2/5/2010,9.5
3/5/2010,9.5
4/5/2010,9.5
5/5/2010,9.5
6/5/2010,9.5
7/5/2010,9.5
8/5/2010,9.5
9/5/2010,9.5
10/5/2010,9.5
11/5/2010,9.5
12/5/2010,9.5
13/05/2010,9.5
14/05/2010,9.5
15/05/2010,9.5
16/05/2010,9.5
17/05/2010,9.5
18/05/2010,9.5
19/05/2010,9.5
20/05/2010,9.5
21/05/2010,9.5
22/05/2010,9.5
23/05/2010,9.5
24/05/2010,9.5
25/05/2010,9.5
26/05/2010,9.5
27/05/2010,9.5
28/05/2010,9.5
29/05/2010,9.5
30/05/2010,9.5
31/05/2010,9.5
1/6/2010,9.5
2/6/2010,9.5
3/6/2010,9.5
4/6/2010,9.5
5/6/2010,9.5
6/6/2010,9.5
7/6/2010,9.5
8/6/2010,9.5
9/6/2010,9.5
10/6/2010,10.25
11/6/2010,10.25
12/6/2010,10.25
13/06/2010,10.25
14/06/2010,10.25
15/06/2010,10.25
16/06/2010,10.25
17/06/2010,10.25
18/06/2010,10.25
19/06/2010,10.25
20/06/2010,10.25
21/06/2010,10.25
22/06/2010,10.25
23/06/2010,10.25
24/06/2010,10.25
25/06/2010,10.25
26/06/2010,10.25
27/06/2010,10.25
28/06/2010,10.25
29/06/2010,10.25
30/06/2010,10.25
1/7/2010,10.25
2/7/2010,10.25
3/7/2010,10.25
4/7/2010,10.25
5/7/2010,10.25
6/7/2010,10.25
7/7/2010,10.25
8/7/2010,10.25
9/7/2010,10.25
10/7/2010,10.25
11/7/2010,10.25
12/7/2010,10.25
13/07/2010,10.25
14/07/2010,10.25
15/07/2010,10.25
16/07/2010,10.25
17/07/2010,10.25
18/07/2010,10.25
19/07/2010,10.25
20/07/2010,10.25
21/07/2010,10.25
22/07/2010,10.75
23/07/2010,10.75
24/07/2010,10.75
25/07/2010,10.75
26/07/2010,10.75
27/07/2010,10.75
28/07/2010,10.75
29/07/2010,10.75
30/07/2010,10.75
31/07/2010,10.75
1/8/2010,10.75
2/8/2010,10.75
3/8/2010,10.75
4/8/2010,10.75
5/8/2010,10.75
6/8/2010,10.75
7/8/2010,10.75
8/8/2010,10.75
9/8/2010,10.75
10/8/2010,10.75
11/8/2010,10.75
12/8/2010,10.75
13/08/2010,10.75
14/08/2010,10.75
15/08/2010,10.75
16/08/2010,10.75
17/08/2010,10.75
18/08/2010,10.75
19/08/2010,10.75
20/08/2010,10.75
21/08/2010,10.75
22/08/2010,10.75
23/08/2010,10.75
24/08/2010,10.75
25/08/2010,10.75
26/08/2010,10.75
27/08/2010,10.75
28/08/2010,10.75
29/08/2010,10.75
30/08/2010,10.75
31/08/2010,10.75
1/9/2010,10.75
2/9/2010,10.75
3/9/2010,10.75
4/9/2010,10.75
5/9/2010,10.75
6/9/2010,10.75
7/9/2010,10.75
8/9/2010,10.75
9/9/2010,10.75
10/9/2010,10.75
11/9/2010,10.75
12/9/2010,10.75
13/09/2010,10.75
14/09/2010,10.75
15/09/2010,10.75
16/09/2010,10.75
17/09/2010,10.75
18/09/2010,10.75
19/09/2010,10.75
20/09/2010,10.75
21/09/2010,10.75
22/09/2010,10.75
23/09/2010,10.75
24/09/2010,10.75
25/09/2010,10.75
26/09/2010,10.75
27/09/2010,10.75
28/09/2010,10.75
29/09/2010,10.75
30/09/2010,10.75
1/10/2010,10.75
2/10/2010,10.75
3/10/2010,10.75
4/10/2010,10.75
5/10/2010,10.75
6/10/2010,10.75
7/10/2010,10.75
8/10/2010,10.75
9/10/2010,10.75
10/10/2010,10.75
11/10/2010,10.75
12/10/2010,10.75
13/10/2010,10.75
14/10/2010,10.75
15/10/2010,10.75
16/10/2010,10.75
17/10/2010,10.75
18/10/2010,10.75
19/10/2010,10.75
20/10/2010,10.75
21/10/2010,10.75
22/10/2010,10.75
23/10/2010,10.75
24/10/2010,10.75
25/10/2010,10.75
26/10/2010,10.75
27/10/2010,10.75
28/10/2010,10.75
29/10/2010,10.75
30/10/2010,10.75
31/10/2010,10.75
1/11/2010,10.75
2/11/2010,10.75
3/11/2010,10.75
4/11/2010,10.75
5/11/2010,10.75
6/11/2010,10.75
7/11/2010,10.75
8/11/2010,10.75
9/11/2010,10.75
10/11/2010,10.75
11/11/2010,10.75
12/11/2010,10.75
13/11/2010,10.75
14/11/2010,10.75
15/11/2010,10.75
16/11/2010,10.75
17/11/2010,10.75
18/11/2010,10.75
19/11/2010,10.75
20/11/2010,10.75
21/11/2010,10.75
22/11/2010,10.75
23/11/2010,10.75
24/11/2010,10.75
25/11/2010,10.75
26/11/2010,10.75
27/11/2010,10.75
28/11/2010,10.75
29/11/2010,10.75
30/11/2010,10.75
1/12/2010,10.75
2/12/2010,10.75
3/12/2010,10.75
4/12/2010,10.75
5/12/2010,10.75
6/12/2010,10.75
7/12/2010,10.75
8/12/2010,10.75
9/12/2010,10.75
10/12/2010,10.75
11/12/2010,10.75
12/12/2010,10.75
13/12/2010,10.75
14/12/2010,10.75
15/12/2010,10.75
16/12/2010,10.75
17/12/2010,10.75
18/12/2010,10.75
19/12/2010,10.75
20/12/2010,10.75
21/12/2010,10.75
22/12/2010,10.75
23/12/2010,10.75
24/12/2010,10.75
25/12/2010,10.75
26/12/2010,10.75
27/12/2010,10.75
28/12/2010,10.75
29/12/2010,10.75
30/12/2010,10.75
31/12/2010,10.75
1/1/2011,10.75
2/1/2011,10.75
3/1/2011,10.75
4/1/2011,10.75
5/1/2011,10.75
6/1/2011,10.75
7/1/2011,10.75
8/1/2011,10.75
9/1/2011,10.75
10/1/2011,10.75
11/1/2011,10.75
12/1/2011,10.75
13/01/2011,10.75
14/01/2011,10.75
15/01/2011,10.75
16/01/2011,10.75
17/01/2011,10.75
18/01/2011,10.75
19/01/2011,10.75
20/01/2011,11.25
21/01/2011,11.25
22/01/2011,11.25
23/01/2011,11.25
24/01/2011,11.25
25/01/2011,11.25
26/01/2011,11.25
27/01/2011,11.25
28/01/2011,11.25
29/01/2011,11.25
30/01/2011,11.25
31/01/2011,11.25
1/2/2011,11.25
2/2/2011,11.25
3/2/2011,11.25
4/2/2011,11.25
5/2/2011,11.25
6/2/2011,11.25
7/2/2011,11.25
8/2/2011,11.25
9/2/2011,11.25
10/2/2011,11.25
11/2/2011,11.25
12/2/2011,11.25
13/02/2011,11.25
14/02/2011,11.25
15/02/2011,11.25
16/02/2011,11.25
17/02/2011,11.25
18/02/2011,11.25
19/02/2011,11.25
20/02/2011,11.25
21/02/2011,11.25
22/02/2011,11.25
23/02/2011,11.25
24/02/2011,11.25
25/02/2011,11.25
26/02/2011,11.25
27/02/2011,11.25
28/02/2011,11.25
1/3/2011,11.25
2/3/2011,11.25
3/3/2011,11.75
4/3/2011,11.75
5/3/2011,11.75
6/3/2011,11.75
7/3/2011,11.75
8/3/2011,11.75
9/3/2011,11.75
10/3/2011,11.75
11/3/2011,11.75
12/3/2011,11.75
13/03/2011,11.75
14/03/2011,11.75
15/03/2011,11.75
16/03/2011,11.75
17/03/2011,11.75
18/03/2011,11.75
19/03/2011,11.75
20/03/2011,11.75
21/03/2011,11.75
22/03/2011,11.75
23/03/2011,11.75
24/03/2011,11.75
25/03/2011,11.75
26/03/2011,11.75
27/03/2011,11.75
28/03/2011,11.75
29/03/2011,11.75
30/03/2011,11.75
31/03/2011,11.75
1/4/2011,11.75
2/4/2011,11.75
3/4/2011,11.75
4/4/2011,11.75
5/4/2011,11.75
6/4/2011,11.75
7/4/2011,11.75
8/4/2011,11.75
9/4/2011,11.75
10/4/2011,11.75
11/4/2011,11.75
12/4/2011,11.75
13/04/2011,11.75
14/04/2011,11.75
15/04/2011,11.75
16/04/2011,11.75
17/04/2011,11.75
18/04/2011,11.75
19/04/2011,11.75
20/04/2011,11.75
21/04/2011,11.75
22/04/2011,11.75
23/04/2011,11.75
24/04/2011,11.75
25/04/2011,12
26/04/2011,12
27/04/2011,12
28/04/2011,12
29/04/2011,12
30/04/2011,12
1/5/2011,12
2/5/2011,12
3/5/2011,12
4/5/2011,12
5/5/2011,12
6/5/2011,12
7/5/2011,12
8/5/2011,12
9/5/2011,12
10/5/2011,12
11/5/2011,12
12/5/2011,12
13/05/2011,12
14/05/2011,12
15/05/2011,12
16/05/2011,12
17/05/2011,12
18/05/2011,12
19/05/2011,12
20/05/2011,12
21/05/2011,12
22/05/2011,12
23/05/2011,12
24/05/2011,12
25/05/2011,12
26/05/2011,12
27/05/2011,12
28/05/2011,12
29/05/2011,12
30/05/2011,12
31/05/2011,12
1/6/2011,12
2/6/2011,12
3/6/2011,12
4/6/2011,12
5/6/2011,12
6/6/2011,12
7/6/2011,12
8/6/2011,12
9/6/2011,12.25
10/6/2011,12.25
11/6/2011,12.25
12/6/2011,12.25
13/06/2011,12.25
14/06/2011,12.25
15/06/2011,12.25
16/06/2011,12.25
17/06/2011,12.25
18/06/2011,12.25
19/06/2011,12.25
20/06/2011,12.25
21/06/2011,12.25
22/06/2011,12.25
23/06/2011,12.25
24/06/2011,12.25
25/06/2011,12.25
26/06/2011,12.25
27/06/2011,12.25
28/06/2011,12.25
29/06/2011,12.25
30/06/2011,12.25
1/7/2011,12.25
2/7/2011,12.25
3/7/2011,12.25
4/7/2011,12.25
5/7/2011,12.25
6/7/2011,12.25
7/7/2011,12.25
8/7/2011,12.25
9/7/2011,12.25
10/7/2011,12.25
11/7/2011,12.25
12/7/2011,12.25
13/07/2011,12.25
14/07/2011,12.25
15/07/2011,12.25
16/07/2011,12.25
17/07/2011,12.25
18/07/2011,12.25
19/07/2011,12.25
20/07/2011,12.25
21/07/2011,12.5
22/07/2011,12.5
23/07/2011,12.5
24/07/2011,12.5
25/07/2011,12.5
26/07/2011,12.5
27/07/2011,12.5
28/07/2011,12.5
29/07/2011,12.5
30/07/2011,12.5
31/07/2011,12.5
1/8/2011,12.5
2/8/2011,12.5
3/8/2011,12.5
4/8/2011,12.5
5/8/2011,12.5
6/8/2011,12.5
7/8/2011,12.5
8/8/2011,12.5
9/8/2011,12.5
10/8/2011,12.5
11/8/2011,12.5
12/8/2011,12.5
13/08/2011,12.5
14/08/2011,12.5
15/08/2011,12.5
16/08/2011,12.5
17/08/2011,12.5
18/08/2011,12.5
19/08/2011,12.5
20/08/2011,12.5
21/08/2011,12.5
22/08/2011,12.5
23/08/2011,12.5
24/08/2011,12.5
25/08/2011,12.5
26/08/2011,12.5
27/08/2011,12.5
28/08/2011,12.5
29/08/2011,12.5
30/08/2011,12.5
31/08/2011,12.5
1/9/2011,12
2/9/2011,12
3/9/2011,12
4/9/2011,12
5/9/2011,12
6/9/2011,12
7/9/2011,12
8/9/2011,12
9/9/2011,12
10/9/2011,12
11/9/2011,12
12/9/2011,12
13/09/2011,12
14/09/2011,12
15/09/2011,12
16/09/2011,12
17/09/2011,12
18/09/2011,12
19/09/2011,12
20/09/2011,12
21/09/2011,12
22/09/2011,12
23/09/2011,12
24/09/2011,12
25/09/2011,12
26/09/2011,12
27/09/2011,12
28/09/2011,12
29/09/2011,12
30/09/2011,12
1/10/2011,12
2/10/2011,12
3/10/2011,12
4/10/2011,12
5/10/2011,12
6/10/2011,12
7/10/2011,12
8/10/2011,12
9/10/2011,12
10/10/2011,12
11/10/2011,12
12/10/2011,12
13/10/2011,12
14/10/2011,12
15/10/2011,12
16/10/2011,12
17/10/2011,12
18/10/2011,12
19/10/2011,12
20/10/2011,11.5
21/10/2011,11.5
22/10/2011,11.5
23/10/2011,11.5
24/10/2011,11.5
25/10/2011,11.5
26/10/2011,11.5
27/10/2011,11.5
28/10/2011,11.5
29/10/2011,11.5
30/10/2011,11.5
31/10/2011,11.5
1/11/2011,11.5
2/11/2011,11.5
3/11/2011,11.5
4/11/2011,11.5
5/11/2011,11.5
6/11/2011,11.5
7/11/2011,11.5
8/11/2011,11.5
9/11/2011,11.5
10/11/2011,11.5
11/11/2011,11.5
12/11/2011,11.5
13/11/2011,11.5
14/11/2011,11.5
15/11/2011,11.5
16/11/2011,11.5
17/11/2011,11.5
18/11/2011,11.5
19/11/2011,11.5
20/11/2011,11.5
21/11/2011,11.5
22/11/2011,11.5
23/11/2011,11.5
24/11/2011,11.5
25/11/2011,11.5
26/11/2011,11.5
27/11/2011,11.5
28/11/2011,11.5
29/11/2011,11.5
30/11/2011,11.5
1/12/2011,11
2/12/2011,11
3/12/2011,11
4/12/2011,11
5/12/2011,11
6/12/2011,11
7/12/2011,11
8/12/2011,11
9/12/2011,11
10/12/2011,11
11/12/2011,11
12/12/2011,11
13/12/2011,11
14/12/2011,11
15/12/2011,11
16/12/2011,11
17/12/2011,11
18/12/2011,11
19/12/2011,11
20/12/2011,11
21/12/2011,11
22/12/2011,11
23/12/2011,11
24/12/2011,11
25/12/2011,11
26/12/2011,11
27/12/2011,11
28/12/2011,11
29/12/2011,11
30/12/2011,11
31/12/2011,11
1/1/2012,11
2/1/2012,11
3/1/2012,11
4/1/2012,11
5/1/2012,11
6/1/2012,11
7/1/2012,11
8/1/2012,11
9/1/2012,11
10/1/2012,11
11/1/2012,11
12/1/2012,11
13/01/2012,11
14/01/2012,11
15/01/2012,11
16/01/2012,11
17/01/2012,11
18/01/2012,11
19/01/2012,10.5
20/01/2012,10.5
21/01/2012,10.5
22/01/2012,10.5
23/01/2012,10.5
24/01/2012,10.5
25/01/2012,10.5
26/01/2012,10.5
27/01/2012,10.5
28/01/2012,10.5
29/01/2012,10.5
30/01/2012,10.5
31/01/2012,10.5
1/2/2012,10.5
2/2/2012,10.5
3/2/2012,10.5
4/2/2012,10.5
5/2/2012,10.5
6/2/2012,10.5
7/2/2012,10.5
8/2/2012,10.5
9/2/2012,10.5
10/2/2012,10.5
11/2/2012,10.5
12/2/2012,10.5
13/02/2012,10.5
14/02/2012,10.5
15/02/2012,10.5
16/02/2012,10.5
17/02/2012,10.5
18/02/2012,10.5
19/02/2012,10.5
20/02/2012,10.5
21/02/2012,10.5
22/02/2012,10.5
23/02/2012,10.5
24/02/2012,10.5
25/02/2012,10.5
26/02/2012,10.5
27/02/2012,10.5
28/02/2012,10.5
29/02/2012,10.5
1/3/2012,10.5
2/3/2012,10.5
3/3/2012,10.5
4/3/2012,10.5
5/3/2012,10.5
6/3/2012,10.5
7/3/2012,10.5
8/3/2012,9.75
9/3/2012,9.75
10/3/2012,9.75
11/3/2012,9.75
12/3/2012,9.75
13/03/2012,9.75
14/03/2012,9.75
15/03/2012,9.75
16/03/2012,9.75
17/03/2012,9.75
18/03/2012,9.75
19/03/2012,9.75
20/03/2012,9.75
21/03/2012,9.75
22/03/2012,9.75
23/03/2012,9.75
24/03/2012,9.75
25/03/2012,9.75
26/03/2012,9.75
27/03/2012,9.75
28/03/2012,9.75
29/03/2012,9.75
30/03/2012,9.75
31/03/2012,9.75
1/4/2012,9.75
2/4/2012,9.75
3/4/2012,9.75
4/4/2012,9.75
5/4/2012,9.75
6/4/2012,9.75
7/4/2012,9.75
8/4/2012,9.75
9/4/2012,9.75
10/4/2012,9.75
11/4/2012,9.75
12/4/2012,9.75
13/04/2012,9.75
14/04/2012,9.75
15/04/2012,9.75
16/04/2012,9.75
17/04/2012,9.75
18/04/2012,9.75
19/04/2012,9
20/04/2012,9
21/04/2012,9
22/04/2012,9
23/04/2012,9
24/04/2012,9
25/04/2012,9
26/04/2012,9
27/04/2012,9
28/04/2012,9
29/04/2012,9
30/04/2012,9
1/5/2012,9
2/5/2012,9
3/5/2012,9
4/5/2012,9
5/5/2012,9
6/5/2012,9
7/5/2012,9
8/5/2012,9
9/5/2012,9
10/5/2012,9
11/5/2012,9
12/5/2012,9
13/05/2012,9
14/05/2012,9
15/05/2012,9
16/05/2012,9
17/05/2012,9
18/05/2012,9
19/05/2012,9
20/05/2012,9
21/05/2012,9
22/05/2012,9
23/05/2012,9
24/05/2012,9
25/05/2012,9
26/05/2012,9
27/05/2012,9
28/05/2012,9
29/05/2012,9
30/05/2012,9
31/05/2012,8.5
1/6/2012,8.5
2/6/2012,8.5
3/6/2012,8.5
4/6/2012,8.5
5/6/2012,8.5
6/6/2012,8.5
7/6/2012,8.5
8/6/2012,8.5
9/6/2012,8.5
10/6/2012,8.5
11/6/2012,8.5
12/6/2012,8.5
13/06/2012,8.5
14/06/2012,8.5
15/06/2012,8.5
16/06/2012,8.5
17/06/2012,8.5
18/06/2012,8.5
19/06/2012,8.5
20/06/2012,8.5
21/06/2012,8.5
22/06/2012,8.5
23/06/2012,8.5
24/06/2012,8.5
25/06/2012,8.5
26/06/2012,8.5
27/06/2012,8.5
28/06/2012,8.5
29/06/2012,8.5
30/06/2012,8.5
1/7/2012,8.5
2/7/2012,8.5
3/7/2012,8.5
4/7/2012,8.5
5/7/2012,8.5
6/7/2012,8.5
7/7/2012,8.5
8/7/2012,8.5
9/7/2012,8.5
10/7/2012,8.5
11/7/2012,8.5
12/7/2012,8
13/07/2012,8
14/07/2012,8
15/07/2012,8
16/07/2012,8
17/07/2012,8
18/07/2012,8
19/07/2012,8
20/07/2012,8
21/07/2012,8
22/07/2012,8
23/07/2012,8
24/07/2012,8
25/07/2012,8
26/07/2012,8
27/07/2012,8
28/07/2012,8
29/07/2012,8
30/07/2012,8
31/07/2012,8
1/8/2012,8
2/8/2012,8
3/8/2012,8
4/8/2012,8
5/8/2012,8
6/8/2012,8
7/8/2012,8
8/8/2012,8
9/8/2012,8
10/8/2012,8
11/8/2012,8
12/8/2012,8
13/08/2012,8
14/08/2012,8
15/08/2012,8
16/08/2012,8
17/08/2012,8
18/08/2012,8
19/08/2012,8
20/08/2012,8
21/08/2012,8
22/08/2012,8
23/08/2012,8
24/08/2012,8
25/08/2012,8
26/08/2012,8
27/08/2012,8
28/08/2012,8
29/08/2012,8
30/08/2012,7.5
31/08/2012,7.5
1/9/2012,7.5
2/9/2012,7.5
3/9/2012,7.5
4/9/2012,7.5
5/9/2012,7.5
6/9/2012,7.5
7/9/2012,7.5
8/9/2012,7.5
9/9/2012,7.5
10/9/2012,7.5
11/9/2012,7.5
12/9/2012,7.5
13/09/2012,7.5
14/09/2012,7.5
15/09/2012,7.5
16/09/2012,7.5
17/09/2012,7.5
18/09/2012,7.5
19/09/2012,7.5
20/09/2012,7.5
21/09/2012,7.5
22/09/2012,7.5
23/09/2012,7.5
24/09/2012,7.5
25/09/2012,7.5
26/09/2012,7.5
27/09/2012,7.5
28/09/2012,7.5
29/09/2012,7.5
30/09/2012,7.5
1/10/2012,7.5
2/10/2012,7.5
3/10/2012,7.5
4/10/2012,7.5
5/10/2012,7.5
6/10/2012,7.5
7/10/2012,7.5
8/10/2012,7.5
9/10/2012,7.5
10/10/2012,7.5
11/10/2012,7.25
12/10/2012,7.25
13/10/2012,7.25
14/10/2012,7.25
15/10/2012,7.25
16/10/2012,7.25
17/10/2012,7.25
18/10/2012,7.25
19/10/2012,7.25
20/10/2012,7.25
21/10/2012,7.25
22/10/2012,7.25
23/10/2012,7.25
24/10/2012,7.25
25/10/2012,7.25
26/10/2012,7.25
27/10/2012,7.25
28/10/2012,7.25
29/10/2012,7.25
30/10/2012,7.25
31/10/2012,7.25
1/11/2012,7.25
2/11/2012,7.25
3/11/2012,7.25
4/11/2012,7.25
5/11/2012,7.25
6/11/2012,7.25
7/11/2012,7.25
8/11/2012,7.25
9/11/2012,7.25
10/11/2012,7.25
11/11/2012,7.25
12/11/2012,7.25
13/11/2012,7.25
14/11/2012,7.25
15/11/2012,7.25
16/11/2012,7.25
17/11/2012,7.25
18/11/2012,7.25
19/11/2012,7.25
20/11/2012,7.25
21/11/2012,7.25
22/11/2012,7.25
23/11/2012,7.25
24/11/2012,7.25
25/11/2012,7.25
26/11/2012,7.25
27/11/2012,7.25
28/11/2012,7.25
29/11/2012,7.25
30/11/2012,7.25
1/12/2012,7.25
2/12/2012,7.25
3/12/2012,7.25
4/12/2012,7.25
5/12/2012,7.25
6/12/2012,7.25
7/12/2012,7.25
8/12/2012,7.25
9/12/2012,7.25
10/12/2012,7.25
11/12/2012,7.25
12/12/2012,7.25
13/12/2012,7.25
14/12/2012,7.25
15/12/2012,7.25
16/12/2012,7.25
17/12/2012,7.25
18/12/2012,7.25
19/12/2012,7.25
20/12/2012,7.25
21/12/2012,7.25
22/12/2012,7.25
23/12/2012,7.25
24/12/2012,7.25
25/12/2012,7.25
26/12/2012,7.25
27/12/2012,7.25
28/12/2012,7.25
29/12/2012,7.25
30/12/2012,7.25
31/12/2012,7.25
1/1/2013,7.25
2/1/2013,7.25
3/1/2013,7.25
4/1/2013,7.25
5/1/2013,7.25
6/1/2013,7.25
7/1/2013,7.25
8/1/2013,7.25
9/1/2013,7.25
10/1/2013,7.25
11/1/2013,7.25
12/1/2013,7.25
13/01/2013,7.25
14/01/2013,7.25
15/01/2013,7.25
16/01/2013,7.25
17/01/2013,7.25
18/01/2013,7.25
19/01/2013,7.25
20/01/2013,7.25
21/01/2013,7.25
22/01/2013,7.25
23/01/2013,7.25
24/01/2013,7.25
25/01/2013,7.25
26/01/2013,7.25
27/01/2013,7.25
28/01/2013,7.25
29/01/2013,7.25
30/01/2013,7.25
31/01/2013,7.25
1/2/2013,7.25
2/2/2013,7.25
3/2/2013,7.25
4/2/2013,7.25
5/2/2013,7.25
6/2/2013,7.25
7/2/2013,7.25
8/2/2013,7.25
9/2/2013,7.25
10/2/2013,7.25
11/2/2013,7.25
12/2/2013,7.25
13/02/2013,7.25
14/02/2013,7.25
15/02/2013,7.25
16/02/2013,7.25
17/02/2013,7.25
18/02/2013,7.25
19/02/2013,7.25
20/02/2013,7.25
21/02/2013,7.25
22/02/2013,7.25
23/02/2013,7.25
24/02/2013,7.25
25/02/2013,7.25
26/02/2013,7.25
27/02/2013,7.25
28/02/2013,7.25
1/3/2013,7.25
2/3/2013,7.25
3/3/2013,7.25
4/3/2013,7.25
5/3/2013,7.25
6/3/2013,7.25
7/3/2013,7.25
8/3/2013,7.25
9/3/2013,7.25
10/3/2013,7.25
11/3/2013,7.25
12/3/2013,7.25
13/03/2013,7.25
14/03/2013,7.25
15/03/2013,7.25
16/03/2013,7.25
17/03/2013,7.25
18/03/2013,7.25
19/03/2013,7.25
20/03/2013,7.25
21/03/2013,7.25
22/03/2013,7.25
23/03/2013,7.25
24/03/2013,7.25
25/03/2013,7.25
26/03/2013,7.25
27/03/2013,7.25
28/03/2013,7.25
29/03/2013,7.25
30/03/2013,7.25
31/03/2013,7.25
1/4/2013,7.25
2/4/2013,7.25
3/4/2013,7.25
4/4/2013,7.25
5/4/2013,7.25
6/4/2013,7.25
7/4/2013,7.25
8/4/2013,7.25
9/4/2013,7.25
10/4/2013,7.25
11/4/2013,7.25
12/4/2013,7.25
13/04/2013,7.25
14/04/2013,7.25
15/04/2013,7.25
16/04/2013,7.25
17/04/2013,7.25
18/04/2013,7.5
19/04/2013,7.5
20/04/2013,7.5
21/04/2013,7.5
22/04/2013,7.5
23/04/2013,7.5
24/04/2013,7.5
25/04/2013,7.5
26/04/2013,7.5
27/04/2013,7.5
28/04/2013,7.5
29/04/2013,7.5
30/04/2013,7.5
1/5/2013,7.5
2/5/2013,7.5
3/5/2013,7.5
4/5/2013,7.5
5/5/2013,7.5
6/5/2013,7.5
7/5/2013,7.5
8/5/2013,7.5
9/5/2013,7.5
10/5/2013,7.5
11/5/2013,7.5
12/5/2013,7.5
13/05/2013,7.5
14/05/2013,7.5
15/05/2013,7.5
16/05/2013,7.5
17/05/2013,7.5
18/05/2013,7.5
19/05/2013,7.5
20/05/2013,7.5
21/05/2013,7.5
22/05/2013,7.5
23/05/2013,7.5
24/05/2013,7.5
25/05/2013,7.5
26/05/2013,7.5
27/05/2013,7.5
28/05/2013,7.5
29/05/2013,7.5
30/05/2013,8
31/05/2013,8
1/6/2013,8
2/6/2013,8
3/6/2013,8
4/6/2013,8
5/6/2013,8
6/6/2013,8
7/6/2013,8
8/6/2013,8
9/6/2013,8
10/6/2013,8
11/6/2013,8
12/6/2013,8
13/06/2013,8
14/06/2013,8
15/06/2013,8
16/06/2013,8
17/06/2013,8
18/06/2013,8
19/06/2013,8
20/06/2013,8
21/06/2013,8
22/06/2013,8
23/06/2013,8
24/06/2013,8
25/06/2013,8
26/06/2013,8
27/06/2013,8
28/06/2013,8
29/06/2013,8
30/06/2013,8
1/7/2013,8
2/7/2013,8
3/7/2013,8
4/7/2013,8
5/7/2013,8
6/7/2013,8
7/7/2013,8
8/7/2013,8
9/7/2013,8
10/7/2013,8
11/7/2013,8.5
12/7/2013,8.5
13/07/2013,8.5
14/07/2013,8.5
15/07/2013,8.5
16/07/2013,8.5
17/07/2013,8.5
18/07/2013,8.5
19/07/2013,8.5
20/07/2013,8.5
21/07/2013,8.5
22/07/2013,8.5
23/07/2013,8.5
24/07/2013,8.5
25/07/2013,8.5
26/07/2013,8.5
27/07/2013,8.5
28/07/2013,8.5
29/07/2013,8.5
30/07/2013,8.5
31/07/2013,8.5
1/8/2013,8.5
2/8/2013,8.5
3/8/2013,8.5
4/8/2013,8.5
5/8/2013,8.5
6/8/2013,8.5
7/8/2013,8.5
8/8/2013,8.5
9/8/2013,8.5
10/8/2013,8.5
11/8/2013,8.5
12/8/2013,8.5
13/08/2013,8.5
14/08/2013,8.5
15/08/2013,8.5
16/08/2013,8.5
17/08/2013,8.5
18/08/2013,8.5
19/08/2013,8.5
20/08/2013,8.5
21/08/2013,8.5
22/08/2013,8.5
23/08/2013,8.5
24/08/2013,8.5
25/08/2013,8.5
26/08/2013,8.5
27/08/2013,8.5
28/08/2013,8.5
29/08/2013,9
30/08/2013,9
31/08/2013,9
1/9/2013,9
2/9/2013,9
3/9/2013,9
4/9/2013,9
5/9/2013,9
6/9/2013,9
7/9/2013,9
8/9/2013,9
9/9/2013,9
10/9/2013,9
11/9/2013,9
12/9/2013,9
13/09/2013,9
14/09/2013,9
15/09/2013,9
16/09/2013,9
17/09/2013,9
18/09/2013,9
19/09/2013,9
20/09/2013,9
21/09/2013,9
22/09/2013,9
23/09/2013,9
24/09/2013,9
25/09/2013,9
26/09/2013,9
27/09/2013,9
28/09/2013,9
29/09/2013,9
30/09/2013,9
1/10/2013,9
2/10/2013,9
3/10/2013,9
4/10/2013,9
5/10/2013,9
6/10/2013,9
7/10/2013,9
8/10/2013,9
9/10/2013,9
10/10/2013,9.5
11/10/2013,9.5
12/10/2013,9.5
13/10/2013,9.5
14/10/2013,9.5
15/10/2013,9.5
16/10/2013,9.5
17/10/2013,9.5
18/10/2013,9.5
19/10/2013,9.5
20/10/2013,9.5
21/10/2013,9.5
22/10/2013,9.5
23/10/2013,9.5
24/10/2013,9.5
25/10/2013,9.5
26/10/2013,9.5
27/10/2013,9.5
28/10/2013,9.5
29/10/2013,9.5
30/10/2013,9.5
31/10/2013,9.5
1/11/2013,9.5
2/11/2013,9.5
3/11/2013,9.5
4/11/2013,9.5
5/11/2013,9.5
6/11/2013,9.5
7/11/2013,9.5
8/11/2013,9.5
9/11/2013,9.5
10/11/2013,9.5
11/11/2013,9.5
12/11/2013,9.5
13/11/2013,9.5
14/11/2013,9.5
15/11/2013,9.5
16/11/2013,9.5
17/11/2013,9.5
18/11/2013,9.5
19/11/2013,9.5
20/11/2013,9.5
21/11/2013,9.5
22/11/2013,9.5
23/11/2013,9.5
24/11/2013,9.5
25/11/2013,9.5
26/11/2013,9.5
27/11/2013,9.5
28/11/2013,10
29/11/2013,10
30/11/2013,10
1/12/2013,10
2/12/2013,10
3/12/2013,10
4/12/2013,10
5/12/2013,10
6/12/2013,10
7/12/2013,10
8/12/2013,10
9/12/2013,10
10/12/2013,10
11/12/2013,10
12/12/2013,10
13/12/2013,10
14/12/2013,10
15/12/2013,10
16/12/2013,10
17/12/2013,10
18/12/2013,10
19/12/2013,10
20/12/2013,10
21/12/2013,10
22/12/2013,10
23/12/2013,10
24/12/2013,10
25/12/2013,10
26/12/2013,10
27/12/2013,10
28/12/2013,10
29/12/2013,10
30/12/2013,10
31/12/2013,10
1/1/2014,10
2/1/2014,10
3/1/2014,10
4/1/2014,10
5/1/2014,10
6/1/2014,10
7/1/2014,10
8/1/2014,10
9/1/2014,10
10/1/2014,10
11/1/2014,10
12/1/2014,10
13/01/2014,10
14/01/2014,10
15/01/2014,10
16/01/2014,10.5
17/01/2014,10.5
18/01/2014,10.5
19/01/2014,10.5
20/01/2014,10.5
21/01/2014,10.5
22/01/2014,10.5
23/01/2014,10.5
24/01/2014,10.5
25/01/2014,10.5
26/01/2014,10.5
27/01/2014,10.5
28/01/2014,10.5
29/01/2014,10.5
30/01/2014,10.5
31/01/2014,10.5
1/2/2014,10.5
2/2/2014,10.5
3/2/2014,10.5
4/2/2014,10.5
5/2/2014,10.5
6/2/2014,10.5
7/2/2014,10.5
8/2/2014,10.5
9/2/2014,10.5
10/2/2014,10.5
11/2/2014,10.5
12/2/2014,10.5
13/02/2014,10.5
14/02/2014,10.5
15/02/2014,10.5
16/02/2014,10.5
17/02/2014,10.5
18/02/2014,10.5
19/02/2014,10.5
20/02/2014,10.5
21/02/2014,10.5
22/02/2014,10.5
23/02/2014,10.5
24/02/2014,10.5
25/02/2014,10.5
26/02/2014,10.5
27/02/2014,10.75
28/02/2014,10.75
1/3/2014,10.75
2/3/2014,10.75
3/3/2014,10.75
4/3/2014,10.75
5/3/2014,10.75
6/3/2014,10.75
7/3/2014,10.75
8/3/2014,10.75
9/3/2014,10.75
10/3/2014,10.75
11/3/2014,10.75
12/3/2014,10.75
13/03/2014,10.75
14/03/2014,10.75
15/03/2014,10.75
16/03/2014,10.75
17/03/2014,10.75
18/03/2014,10.75
19/03/2014,10.75
20/03/2014,10.75
21/03/2014,10.75
22/03/2014,10.75
23/03/2014,10.75
24/03/2014,10.75
25/03/2014,10.75
26/03/2014,10.75
27/03/2014,10.75
28/03/2014,10.75
29/03/2014,10.75
30/03/2014,10.75
31/03/2014,10.75
1/4/2014,10.75
2/4/2014,10.75
3/4/2014,11
4/4/2014,11
5/4/2014,11
6/4/2014,11
7/4/2014,11
8/4/2014,11
9/4/2014,11
10/4/2014,11
11/4/2014,11
12/4/2014,11
13/04/2014,11
14/04/2014,11
15/04/2014,11
16/04/2014,11
17/04/2014,11
18/04/2014,11
19/04/2014,11
20/04/2014,11
21/04/2014,11
22/04/2014,11
23/04/2014,11
24/04/2014,11
25/04/2014,11
26/04/2014,11
27/04/2014,11
28/04/2014,11
29/04/2014,11
30/04/2014,11
1/5/2014,11
2/5/2014,11
3/5/2014,11
4/5/2014,11
5/5/2014,11
6/5/2014,11
7/5/2014,11
8/5/2014,11
9/5/2014,11
10/5/2014,11
11/5/2014,11
12/5/2014,11
13/05/2014,11
14/05/2014,11
15/05/2014,11
16/05/2014,11
17/05/2014,11
18/05/2014,11
19/05/2014,11
20/05/2014,11
21/05/2014,11
22/05/2014,11
23/05/2014,11
24/05/2014,11
25/05/2014,11
26/05/2014,11
27/05/2014,11
28/05/2014,11
29/05/2014,11
30/05/2014,11
31/05/2014,11
1/6/2014,11
2/6/2014,11
3/6/2014,11
4/6/2014,11
5/6/2014,11
6/6/2014,11
7/6/2014,11
8/6/2014,11
9/6/2014,11
10/6/2014,11
11/6/2014,11
12/6/2014,11
13/06/2014,11
14/06/2014,11
15/06/2014,11
16/06/2014,11
17/06/2014,11
18/06/2014,11
19/06/2014,11
20/06/2014,11
21/06/2014,11
22/06/2014,11
23/06/2014,11
24/06/2014,11
25/06/2014,11
26/06/2014,11
27/06/2014,11
28/06/2014,11
29/06/2014,11
30/06/2014,11
1/7/2014,11
2/7/2014,11
3/7/2014,11
4/7/2014,11
5/7/2014,11
6/7/2014,11
7/7/2014,11
8/7/2014,11
9/7/2014,11
10/7/2014,11
11/7/2014,11
12/7/2014,11
13/07/2014,11
14/07/2014,11
15/07/2014,11
16/07/2014,11
17/07/2014,11
18/07/2014,11
19/07/2014,11
20/07/2014,11
21/07/2014,11
22/07/2014,11
23/07/2014,11
24/07/2014,11
25/07/2014,11
26/07/2014,11
27/07/2014,11
28/07/2014,11
29/07/2014,11
30/07/2014,11
31/07/2014,11
1/8/2014,11
2/8/2014,11
3/8/2014,11
4/8/2014,11
5/8/2014,11
6/8/2014,11
7/8/2014,11
8/8/2014,11
9/8/2014,11
10/8/2014,11
11/8/2014,11
12/8/2014,11
13/08/2014,11
14/08/2014,11
15/08/2014,11
16/08/2014,11
17/08/2014,11
18/08/2014,11
19/08/2014,11
20/08/2014,11
21/08/2014,11
22/08/2014,11
23/08/2014,11
24/08/2014,11
25/08/2014,11
26/08/2014,11
27/08/2014,11
28/08/2014,11
29/08/2014,11
30/08/2014,11
31/08/2014,11
1/9/2014,11
2/9/2014,11
3/9/2014,11
4/9/2014,11
5/9/2014,11
6/9/2014,11
7/9/2014,11
8/9/2014,11
9/9/2014,11
10/9/2014,11
11/9/2014,11
12/9/2014,11
13/09/2014,11
14/09/2014,11
15/09/2014,11
16/09/2014,11
17/09/2014,11
18/09/2014,11
19/09/2014,11
20/09/2014,11
21/09/2014,11
22/09/2014,11
23/09/2014,11
24/09/2014,11
25/09/2014,11
26/09/2014,11
27/09/2014,11
28/09/2014,11
29/09/2014,11
30/09/2014,11
1/10/2014,11
2/10/2014,11
3/10/2014,11
4/10/2014,11
5/10/2014,11
6/10/2014,11
7/10/2014,11
8/10/2014,11
9/10/2014,11
10/10/2014,11
11/10/2014,11
12/10/2014,11
13/10/2014,11
14/10/2014,11
15/10/2014,11
16/10/2014,11
17/10/2014,11
18/10/2014,11
19/10/2014,11
20/10/2014,11
21/10/2014,11
22/10/2014,11
23/10/2014,11
24/10/2014,11
25/10/2014,11
26/10/2014,11
27/10/2014,11
28/10/2014,11
29/10/2014,11
30/10/2014,11.25
31/10/2014,11.25
1/11/2014,11.25
2/11/2014,11.25
3/11/2014,11.25
4/11/2014,11.25
5/11/2014,11.25
6/11/2014,11.25
7/11/2014,11.25
8/11/2014,11.25
9/11/2014,11.25
10/11/2014,11.25
11/11/2014,11.25
12/11/2014,11.25
13/11/2014,11.25
14/11/2014,11.25
15/11/2014,11.25
16/11/2014,11.25
17/11/2014,11.25
18/11/2014,11.25
19/11/2014,11.25
20/11/2014,11.25
21/11/2014,11.25
22/11/2014,11.25
23/11/2014,11.25
24/11/2014,11.25
25/11/2014,11.25
26/11/2014,11.25
27/11/2014,11.25
28/11/2014,11.25
29/11/2014,11.25
30/11/2014,11.25
1/12/2014,11.25
2/12/2014,11.25
3/12/2014,11.25
4/12/2014,11.75
5/12/2014,11.75
6/12/2014,11.75
7/12/2014,11.75
8/12/2014,11.75
9/12/2014,11.75
10/12/2014,11.75
11/12/2014,11.75
12/12/2014,11.75
13/12/2014,11.75
14/12/2014,11.75
15/12/2014,11.75
16/12/2014,11.75
17/12/2014,11.75
18/12/2014,11.75
19/12/2014,11.75
20/12/2014,11.75
21/12/2014,11.75
22/12/2014,11.75
23/12/2014,11.75
24/12/2014,11.75
25/12/2014,11.75
26/12/2014,11.75
27/12/2014,11.75
28/12/2014,11.75
29/12/2014,11.75
30/12/2014,11.75
31/12/2014,11.75
1/1/2015,11.75
2/1/2015,11.75
3/1/2015,11.75
4/1/2015,11.75
5/1/2015,11.75
6/1/2015,11.75
7/1/2015,11.75
8/1/2015,11.75
9/1/2015,11.75
10/1/2015,11.75
11/1/2015,11.75
12/1/2015,11.75
13/01/2015,11.75
14/01/2015,11.75
15/01/2015,11.75
16/01/2015,11.75
17/01/2015,11.75
18/01/2015,11.75
19/01/2015,11.75
20/01/2015,11.75
21/01/2015,11.75
22/01/2015,12.25
23/01/2015,12.25
24/01/2015,12.25
25/01/2015,12.25
26/01/2015,12.25
27/01/2015,12.25
28/01/2015,12.25
29/01/2015,12.25
30/01/2015,12.25
31/01/2015,12.25
1/2/2015,12.25
2/2/2015,12.25
3/2/2015,12.25
4/2/2015,12.25
5/2/2015,12.25
6/2/2015,12.25
7/2/2015,12.25
8/2/2015,12.25
9/2/2015,12.25
10/2/2015,12.25
11/2/2015,12.25
12/2/2015,12.25
13/02/2015,12.25
14/02/2015,12.25
15/02/2015,12.25
16/02/2015,12.25
17/02/2015,12.25
18/02/2015,12.25
19/02/2015,12.25
20/02/2015,12.25
21/02/2015,12.25
22/02/2015,12.25
23/02/2015,12.25
24/02/2015,12.25
25/02/2015,12.25
26/02/2015,12.25
27/02/2015,12.25
28/02/2015,12.25
1/3/2015,12.25
2/3/2015,12.25
3/3/2015,12.25
4/3/2015,12.25
5/3/2015,12.75
6/3/2015,12.75
7/3/2015,12.75
8/3/2015,12.75
9/3/2015,12.75
10/3/2015,12.75
11/3/2015,12.75
12/3/2015,12.75
13/03/2015,12.75
14/03/2015,12.75
15/03/2015,12.75
16/03/2015,12.75
17/03/2015,12.75
18/03/2015,12.75
19/03/2015,12.75
20/03/2015,12.75
21/03/2015,12.75
22/03/2015,12.75
23/03/2015,12.75
24/03/2015,12.75
25/03/2015,12.75
26/03/2015,12.75
27/03/2015,12.75
28/03/2015,12.75
29/03/2015,12.75
30/03/2015,12.75
31/03/2015,12.75
1/4/2015,12.75
2/4/2015,12.75
3/4/2015,12.75
4/4/2015,12.75
5/4/2015,12.75
6/4/2015,12.75
7/4/2015,12.75
8/4/2015,12.75
9/4/2015,12.75
10/4/2015,12.75
11/4/2015,12.75
12/4/2015,12.75
13/04/2015,12.75
14/04/2015,12.75
15/04/2015,12.75
16/04/2015,12.75
17/04/2015,12.75
18/04/2015,12.75
19/04/2015,12.75
20/04/2015,12.75
21/04/2015,12.75
22/04/2015,12.75
23/04/2015,12.75
24/04/2015,12.75
25/04/2015,12.75
26/04/2015,12.75
27/04/2015,12.75
28/04/2015,12.75
29/04/2015,12.75
30/04/2015,13.25
1/5/2015,13.25
2/5/2015,13.25
3/5/2015,13.25
4/5/2015,13.25
5/5/2015,13.25
6/5/2015,13.25
7/5/2015,13.25
8/5/2015,13.25
9/5/2015,13.25
10/5/2015,13.25
11/5/2015,13.25
12/5/2015,13.25
13/05/2015,13.25
14/05/2015,13.25
15/05/2015,13.25
16/05/2015,13.25
17/05/2015,13.25
18/05/2015,13.25
19/05/2015,13.25
20/05/2015,13.25
21/05/2015,13.25
22/05/2015,13.25
23/05/2015,13.25
24/05/2015,13.25
25/05/2015,13.25
26/05/2015,13.25
27/05/2015,13.25
28/05/2015,13.25
29/05/2015,13.25
30/05/2015,13.25
31/05/2015,13.25
1/6/2015,13.25
2/6/2015,13.25
3/6/2015,13.25
4/6/2015,13.75
5/6/2015,13.75
6/6/2015,13.75
7/6/2015,13.75
8/6/2015,13.75
9/6/2015,13.75
10/6/2015,13.75
11/6/2015,13.75
12/6/2015,13.75
13/06/2015,13.75
14/06/2015,13.75
15/06/2015,13.75
16/06/2015,13.75
17/06/2015,13.75
18/06/2015,13.75
19/06/2015,13.75
20/06/2015,13.75
21/06/2015,13.75
22/06/2015,13.75
23/06/2015,13.75
24/06/2015,13.75
25/06/2015,13.75
26/06/2015,13.75
27/06/2015,13.75
28/06/2015,13.75
29/06/2015,13.75
30/06/2015,13.75
1/7/2015,13.75
2/7/2015,13.75
3/7/2015,13.75
4/7/2015,13.75
5/7/2015,13.75
6/7/2015,13.75
7/7/2015,13.75
8/7/2015,13.75
9/7/2015,13.75
10/7/2015,13.75
11/7/2015,13.75
12/7/2015,13.75
13/07/2015,13.75
14/07/2015,13.75
15/07/2015,13.75
16/07/2015,13.75
17/07/2015,13.75
18/07/2015,13.75
19/07/2015,13.75
20/07/2015,13.75
21/07/2015,13.75
22/07/2015,13.75
23/07/2015,13.75
24/07/2015,13.75
25/07/2015,13.75
26/07/2015,13.75
27/07/2015,13.75
28/07/2015,13.75
29/07/2015,13.75
30/07/2015,14.25
31/07/2015,14.25
1/8/2015,14.25
2/8/2015,14.25
3/8/2015,14.25
4/8/2015,14.25
5/8/2015,14.25
6/8/2015,14.25
7/8/2015,14.25
8/8/2015,14.25
9/8/2015,14.25
10/8/2015,14.25
11/8/2015,14.25
12/8/2015,14.25
13/08/2015,14.25
14/08/2015,14.25
15/08/2015,14.25
16/08/2015,14.25
17/08/2015,14.25
18/08/2015,14.25
19/08/2015,14.25
20/08/2015,14.25
21/08/2015,14.25
22/08/2015,14.25
23/08/2015,14.25
24/08/2015,14.25
25/08/2015,14.25
26/08/2015,14.25
27/08/2015,14.25
28/08/2015,14.25
29/08/2015,14.25
30/08/2015,14.25
31/08/2015,14.25
1/9/2015,14.25
2/9/2015,14.25
3/9/2015,14.25
4/9/2015,14.25
5/9/2015,14.25
6/9/2015,14.25
7/9/2015,14.25
8/9/2015,14.25
9/9/2015,14.25
10/9/2015,14.25
11/9/2015,14.25
12/9/2015,14.25
13/09/2015,14.25
14/09/2015,14.25
15/09/2015,14.25
16/09/2015,14.25
17/09/2015,14.25
18/09/2015,14.25
19/09/2015,14.25
20/09/2015,14.25
21/09/2015,14.25
22/09/2015,14.25
23/09/2015,14.25
24/09/2015,14.25
25/09/2015,14.25
26/09/2015,14.25
27/09/2015,14.25
28/09/2015,14.25
29/09/2015,14.25
30/09/2015,14.25
1/10/2015,14.25
2/10/2015,14.25
3/10/2015,14.25
4/10/2015,14.25
5/10/2015,14.25
6/10/2015,14.25
7/10/2015,14.25
8/10/2015,14.25
9/10/2015,14.25
10/10/2015,14.25
11/10/2015,14.25
12/10/2015,14.25
13/10/2015,14.25
14/10/2015,14.25
15/10/2015,14.25
16/10/2015,14.25
17/10/2015,14.25
18/10/2015,14.25
19/10/2015,14.25
20/10/2015,14.25
21/10/2015,14.25
22/10/2015,14.25
23/10/2015,14.25
24/10/2015,14.25
25/10/2015,14.25
26/10/2015,14.25
27/10/2015,14.25
28/10/2015,14.25
29/10/2015,14.25
30/10/2015,14.25
31/10/2015,14.25
1/11/2015,14.25
2/11/2015,14.25
3/11/2015,14.25
4/11/2015,14.25
5/11/2015,14.25
6/11/2015,14.25
7/11/2015,14.25
8/11/2015,14.25
9/11/2015,14.25
10/11/2015,14.25
11/11/2015,14.25
12/11/2015,14.25
13/11/2015,14.25
14/11/2015,14.25
15/11/2015,14.25
16/11/2015,14.25
17/11/2015,14.25
18/11/2015,14.25
19/11/2015,14.25
20/11/2015,14.25
21/11/2015,14.25
22/11/2015,14.25
23/11/2015,14.25
24/11/2015,14.25
25/11/2015,14.25
26/11/2015,14.25
27/11/2015,14.25
28/11/2015,14.25
29/11/2015,14.25
30/11/2015,14.25
1/12/2015,14.25
2/12/2015,14.25
3/12/2015,14.25
4/12/2015,14.25
5/12/2015,14.25
6/12/2015,14.25
7/12/2015,14.25
8/12/2015,14.25
9/12/2015,14.25
10/12/2015,14.25
11/12/2015,14.25
12/12/2015,14.25
13/12/2015,14.25
14/12/2015,14.25
15/12/2015,14.25
16/12/2015,14.25
17/12/2015,14.25
18/12/2015,14.25
19/12/2015,14.25
20/12/2015,14.25
21/12/2015,14.25
22/12/2015,14.25
23/12/2015,14.25
24/12/2015,14.25
25/12/2015,14.25
26/12/2015,14.25
27/12/2015,14.25
28/12/2015,14.25
29/12/2015,14.25
30/12/2015,14.25
31/12/2015,14.25
1/1/2016,14.25
2/1/2016,14.25
3/1/2016,14.25
4/1/2016,14.25
5/1/2016,14.25
6/1/2016,14.25
7/1/2016,14.25
8/1/2016,14.25
9/1/2016,14.25
10/1/2016,14.25
11/1/2016,14.25
12/1/2016,14.25
13/01/2016,14.25
14/01/2016,14.25
15/01/2016,14.25
16/01/2016,14.25
17/01/2016,14.25
18/01/2016,14.25
19/01/2016,14.25
20/01/2016,14.25
21/01/2016,14.25
22/01/2016,14.25
23/01/2016,14.25
24/01/2016,14.25
25/01/2016,14.25
26/01/2016,14.25
27/01/2016,14.25
28/01/2016,14.25
29/01/2016,14.25
30/01/2016,14.25
31/01/2016,14.25
1/2/2016,14.25
2/2/2016,14.25
3/2/2016,14.25
4/2/2016,14.25
5/2/2016,14.25
6/2/2016,14.25
7/2/2016,14.25
8/2/2016,14.25
9/2/2016,14.25
10/2/2016,14.25
11/2/2016,14.25
12/2/2016,14.25
13/02/2016,14.25
14/02/2016,14.25
15/02/2016,14.25
16/02/2016,14.25
17/02/2016,14.25
18/02/2016,14.25
19/02/2016,14.25
20/02/2016,14.25
21/02/2016,14.25
22/02/2016,14.25
23/02/2016,14.25
24/02/2016,14.25
25/02/2016,14.25
26/02/2016,14.25
27/02/2016,14.25
28/02/2016,14.25
29/02/2016,14.25
1/3/2016,14.25
2/3/2016,14.25
3/3/2016,14.25
4/3/2016,14.25
5/3/2016,14.25
6/3/2016,14.25
7/3/2016,14.25
8/3/2016,14.25
9/3/2016,14.25
10/3/2016,14.25
11/3/2016,14.25
12/3/2016,14.25
13/03/2016,14.25
14/03/2016,14.25
15/03/2016,14.25
16/03/2016,14.25
17/03/2016,14.25
18/03/2016,14.25
19/03/2016,14.25
20/03/2016,14.25
21/03/2016,14.25
22/03/2016,14.25
23/03/2016,14.25
24/03/2016,14.25
25/03/2016,14.25
26/03/2016,14.25
27/03/2016,14.25
28/03/2016,14.25
29/03/2016,14.25
30/03/2016,14.25
31/03/2016,14.25
1/4/2016,14.25
2/4/2016,14.25
3/4/2016,14.25
4/4/2016,14.25
5/4/2016,14.25
6/4/2016,14.25
7/4/2016,14.25
8/4/2016,14.25
9/4/2016,14.25
10/4/2016,14.25
11/4/2016,14.25
12/4/2016,14.25
13/04/2016,14.25
14/04/2016,14.25
15/04/2016,14.25
16/04/2016,14.25
17/04/2016,14.25
18/04/2016,14.25
19/04/2016,14.25
20/04/2016,14.25
21/04/2016,14.25
22/04/2016,14.25
23/04/2016,14.25
24/04/2016,14.25
25/04/2016,14.25
26/04/2016,14.25
27/04/2016,14.25
28/04/2016,14.25
29/04/2016,14.25
30/04/2016,14.25
1/5/2016,14.25
2/5/2016,14.25
3/5/2016,14.25
4/5/2016,14.25
5/5/2016,14.25
6/5/2016,14.25
7/5/2016,14.25
8/5/2016,14.25
9/5/2016,14.25
10/5/2016,14.25
11/5/2016,14.25
12/5/2016,14.25
13/05/2016,14.25
14/05/2016,14.25
15/05/2016,14.25
16/05/2016,14.25
17/05/2016,14.25
18/05/2016,14.25
19/05/2016,14.25
20/05/2016,14.25
21/05/2016,14.25
22/05/2016,14.25
23/05/2016,14.25
24/05/2016,14.25
25/05/2016,14.25
26/05/2016,14.25
27/05/2016,14.25
28/05/2016,14.25
29/05/2016,14.25
30/05/2016,14.25
31/05/2016,14.25
1/6/2016,14.25
2/6/2016,14.25
3/6/2016,14.25
4/6/2016,14.25
5/6/2016,14.25
6/6/2016,14.25
7/6/2016,14.25
8/6/2016,14.25
9/6/2016,14.25
10/6/2016,14.25
11/6/2016,14.25
12/6/2016,14.25
13/06/2016,14.25
14/06/2016,14.25
15/06/2016,14.25
16/06/2016,14.25
17/06/2016,14.25
18/06/2016,14.25
19/06/2016,14.25
20/06/2016,14.25
21/06/2016,14.25
22/06/2016,14.25
23/06/2016,14.25
24/06/2016,14.25
25/06/2016,14.25
26/06/2016,14.25
27/06/2016,14.25
28/06/2016,14.25
29/06/2016,14.25
30/06/2016,14.25
1/7/2016,14.25
2/7/2016,14.25
3/7/2016,14.25
4/7/2016,14.25
5/7/2016,14.25
6/7/2016,14.25
7/7/2016,14.25
8/7/2016,14.25
9/7/2016,14.25
10/7/2016,14.25
11/7/2016,14.25
12/7/2016,14.25
13/07/2016,14.25
14/07/2016,14.25
15/07/2016,14.25
16/07/2016,14.25
17/07/2016,14.25
18/07/2016,14.25
19/07/2016,14.25
20/07/2016,14.25
21/07/2016,14.25
22/07/2016,14.25
23/07/2016,14.25
24/07/2016,14.25
25/07/2016,14.25
26/07/2016,14.25
27/07/2016,14.25
28/07/2016,14.25
29/07/2016,14.25
30/07/2016,14.25
31/07/2016,14.25
1/8/2016,14.25
2/8/2016,14.25
3/8/2016,14.25
4/8/2016,14.25
5/8/2016,14.25
6/8/2016,14.25
7/8/2016,14.25
8/8/2016,14.25
9/8/2016,14.25
10/8/2016,14.25
11/8/2016,14.25
12/8/2016,14.25
13/08/2016,14.25
14/08/2016,14.25
15/08/2016,14.25
16/08/2016,14.25
17/08/2016,14.25
18/08/2016,14.25
19/08/2016,14.25
20/08/2016,14.25
21/08/2016,14.25
22/08/2016,14.25
23/08/2016,14.25
24/08/2016,14.25
25/08/2016,14.25
26/08/2016,14.25
27/08/2016,14.25
28/08/2016,14.25
29/08/2016,14.25
30/08/2016,14.25
31/08/2016,14.25
1/9/2016,14.25
2/9/2016,14.25
3/9/2016,14.25
4/9/2016,14.25
5/9/2016,14.25
6/9/2016,14.25
7/9/2016,14.25
8/9/2016,14.25
9/9/2016,14.25
10/9/2016,14.25
11/9/2016,14.25
12/9/2016,14.25
13/09/2016,14.25
14/09/2016,14.25
15/09/2016,14.25
16/09/2016,14.25
17/09/2016,14.25
18/09/2016,14.25
19/09/2016,14.25
20/09/2016,14.25
21/09/2016,14.25
22/09/2016,14.25
23/09/2016,14.25
24/09/2016,14.25
25/09/2016,14.25
26/09/2016,14.25
27/09/2016,14.25
28/09/2016,14.25
29/09/2016,14.25
30/09/2016,14.25
1/10/2016,14.25
2/10/2016,14.25
3/10/2016,14.25
4/10/2016,14.25
5/10/2016,14.25
6/10/2016,14.25
7/10/2016,14.25
8/10/2016,14.25
9/10/2016,14.25
10/10/2016,14.25
11/10/2016,14.25
12/10/2016,14.25
13/10/2016,14.25
14/10/2016,14.25
15/10/2016,14.25
16/10/2016,14.25
17/10/2016,14.25
18/10/2016,14.25
19/10/2016,14.25
20/10/2016,14
21/10/2016,14
22/10/2016,14
23/10/2016,14
24/10/2016,14
25/10/2016,14
26/10/2016,14
27/10/2016,14
28/10/2016,14
29/10/2016,14
30/10/2016,14
31/10/2016,14
1/11/2016,14
2/11/2016,14
3/11/2016,14
4/11/2016,14
5/11/2016,14
6/11/2016,14
7/11/2016,14
8/11/2016,14
9/11/2016,14
10/11/2016,14
11/11/2016,14
12/11/2016,14
13/11/2016,14
14/11/2016,14
15/11/2016,14
16/11/2016,14
17/11/2016,14
18/11/2016,14
19/11/2016,14
20/11/2016,14
21/11/2016,14
22/11/2016,14
23/11/2016,14
24/11/2016,14
25/11/2016,14
26/11/2016,14
27/11/2016,14
28/11/2016,14
29/11/2016,14
30/11/2016,14
1/12/2016,13.75
2/12/2016,13.75
3/12/2016,13.75
4/12/2016,13.75
5/12/2016,13.75
6/12/2016,13.75
7/12/2016,13.75
8/12/2016,13.75
9/12/2016,13.75
10/12/2016,13.75
11/12/2016,13.75
12/12/2016,13.75
13/12/2016,13.75
14/12/2016,13.75
15/12/2016,13.75
16/12/2016,13.75
17/12/2016,13.75
18/12/2016,13.75
19/12/2016,13.75
20/12/2016,13.75
21/12/2016,13.75
22/12/2016,13.75
23/12/2016,13.75
24/12/2016,13.75
25/12/2016,13.75
26/12/2016,13.75
27/12/2016,13.75
28/12/2016,13.75
29/12/2016,13.75
30/12/2016,13.75
31/12/2016,13.75
1/1/2017,13.75
2/1/2017,13.75
3/1/2017,13.75
4/1/2017,13.75
5/1/2017,13.75
6/1/2017,13.75
7/1/2017,13.75
8/1/2017,13.75
9/1/2017,13.75
10/1/2017,13.75
11/1/2017,13.75
12/1/2017,13
13/01/2017,13
14/01/2017,13
15/01/2017,13
16/01/2017,13
17/01/2017,13
18/01/2017,13
19/01/2017,13
20/01/2017,13
21/01/2017,13
22/01/2017,13
23/01/2017,13
24/01/2017,13
25/01/2017,13
26/01/2017,13
27/01/2017,13
28/01/2017,13
29/01/2017,13
30/01/2017,13
31/01/2017,13
1/2/2017,13
2/2/2017,13
3/2/2017,13
4/2/2017,13
5/2/2017,13
6/2/2017,13
7/2/2017,13
8/2/2017,13
9/2/2017,13
10/2/2017,13
11/2/2017,13
12/2/2017,13
13/02/2017,13
14/02/2017,13
15/02/2017,13
16/02/2017,13
17/02/2017,13
18/02/2017,13
19/02/2017,13
20/02/2017,13
21/02/2017,13
22/02/2017,13
23/02/2017,12.25
24/02/2017,12.25
25/02/2017,12.25
26/02/2017,12.25
27/02/2017,12.25
28/02/2017,12.25
1/3/2017,12.25
2/3/2017,12.25
3/3/2017,12.25
4/3/2017,12.25
5/3/2017,12.25
6/3/2017,12.25
7/3/2017,12.25
8/3/2017,12.25
9/3/2017,12.25
10/3/2017,12.25
11/3/2017,12.25
12/3/2017,12.25
13/03/2017,12.25
14/03/2017,12.25
15/03/2017,12.25
16/03/2017,12.25
17/03/2017,12.25
18/03/2017,12.25
19/03/2017,12.25
20/03/2017,12.25
21/03/2017,12.25
22/03/2017,12.25
23/03/2017,12.25
24/03/2017,12.25
25/03/2017,12.25
26/03/2017,12.25
27/03/2017,12.25
28/03/2017,12.25
29/03/2017,12.25
30/03/2017,12.25
31/03/2017,12.25
1/4/2017,12.25
2/4/2017,12.25
3/4/2017,12.25
4/4/2017,12.25
5/4/2017,12.25
6/4/2017,12.25
7/4/2017,12.25
8/4/2017,12.25
9/4/2017,12.25
10/4/2017,12.25
11/4/2017,12.25
12/4/2017,12.25
13/04/2017,11.25
14/04/2017,11.25
15/04/2017,11.25
16/04/2017,11.25
17/04/2017,11.25
18/04/2017,11.25
19/04/2017,11.25
20/04/2017,11.25
21/04/2017,11.25
22/04/2017,11.25
23/04/2017,11.25
24/04/2017,11.25
25/04/2017,11.25
26/04/2017,11.25
27/04/2017,11.25
28/04/2017,11.25
29/04/2017,11.25
30/04/2017,11.25
1/5/2017,11.25
2/5/2017,11.25
3/5/2017,11.25
4/5/2017,11.25
5/5/2017,11.25
6/5/2017,11.25
7/5/2017,11.25
8/5/2017,11.25
9/5/2017,11.25
10/5/2017,11.25
11/5/2017,11.25
12/5/2017,11.25
13/05/2017,11.25
14/05/2017,11.25
15/05/2017,11.25
16/05/2017,11.25
17/05/2017,11.25
18/05/2017,11.25
19/05/2017,11.25
20/05/2017,11.25
21/05/2017,11.25
22/05/2017,11.25
23/05/2017,11.25
24/05/2017,11.25
25/05/2017,11.25
26/05/2017,11.25
27/05/2017,11.25
28/05/2017,11.25
29/05/2017,11.25
30/05/2017,11.25
31/05/2017,11.25
1/6/2017,10.25
2/6/2017,10.25
3/6/2017,10.25
4/6/2017,10.25
5/6/2017,10.25
6/6/2017,10.25
7/6/2017,10.25
8/6/2017,10.25
9/6/2017,10.25
10/6/2017,10.25
11/6/2017,10.25
12/6/2017,10.25
13/06/2017,10.25
14/06/2017,10.25
15/06/2017,10.25
16/06/2017,10.25
17/06/2017,10.25
18/06/2017,10.25
19/06/2017,10.25
20/06/2017,10.25
21/06/2017,10.25
22/06/2017,10.25
23/06/2017,10.25
24/06/2017,10.25
25/06/2017,10.25
26/06/2017,10.25
27/06/2017,10.25
28/06/2017,10.25
29/06/2017,10.25
30/06/2017,10.25
1/7/2017,10.25
2/7/2017,10.25
3/7/2017,10.25
4/7/2017,10.25
5/7/2017,10.25
6/7/2017,10.25
7/7/2017,10.25
8/7/2017,10.25
9/7/2017,10.25
10/7/2017,10.25
11/7/2017,10.25
12/7/2017,10.25
13/07/2017,10.25
14/07/2017,10.25
15/07/2017,10.25
16/07/2017,10.25
17/07/2017,10.25
18/07/2017,10.25
19/07/2017,10.25
20/07/2017,10.25
21/07/2017,10.25
22/07/2017,10.25
23/07/2017,10.25
24/07/2017,10.25
25/07/2017,10.25
26/07/2017,10.25
27/07/2017,9.25
28/07/2017,9.25
29/07/2017,9.25
30/07/2017,9.25
31/07/2017,9.25
1/8/2017,9.25
2/8/2017,9.25
3/8/2017,9.25
4/8/2017,9.25
5/8/2017,9.25
6/8/2017,9.25
7/8/2017,9.25
8/8/2017,9.25
9/8/2017,9.25
10/8/2017,9.25
11/8/2017,9.25
12/8/2017,9.25
13/08/2017,9.25
14/08/2017,9.25
15/08/2017,9.25
16/08/2017,9.25
17/08/2017,9.25
18/08/2017,9.25
19/08/2017,9.25
20/08/2017,9.25
21/08/2017,9.25
22/08/2017,9.25
23/08/2017,9.25
24/08/2017,9.25
25/08/2017,9.25
26/08/2017,9.25
27/08/2017,9.25
28/08/2017,9.25
29/08/2017,9.25
30/08/2017,9.25
31/08/2017,9.25
1/9/2017,9.25
2/9/2017,9.25
3/9/2017,9.25
4/9/2017,9.25
5/9/2017,9.25
6/9/2017,9.25
7/9/2017,9.25
8/9/2017,8.25
9/9/2017,8.25
10/9/2017,8.25
11/9/2017,8.25
12/9/2017,8.25
13/09/2017,8.25
14/09/2017,8.25
15/09/2017,8.25
16/09/2017,8.25
17/09/2017,8.25
18/09/2017,8.25
19/09/2017,8.25
20/09/2017,8.25
21/09/2017,8.25
22/09/2017,8.25
23/09/2017,8.25
24/09/2017,8.25
25/09/2017,8.25
26/09/2017,8.25
27/09/2017,8.25
28/09/2017,8.25
29/09/2017,8.25
30/09/2017,8.25
1/10/2017,8.25
2/10/2017,8.25
3/10/2017,8.25
4/10/2017,8.25
5/10/2017,8.25
6/10/2017,8.25
7/10/2017,8.25
8/10/2017,8.25
9/10/2017,8.25
10/10/2017,8.25
11/10/2017,8.25
12/10/2017,8.25
13/10/2017,8.25
14/10/2017,8.25
15/10/2017,8.25
16/10/2017,8.25
17/10/2017,8.25
18/10/2017,8.25
19/10/2017,8.25
20/10/2017,8.25
21/10/2017,8.25
22/10/2017,8.25
23/10/2017,8.25
24/10/2017,8.25
25/10/2017,8.25
26/10/2017,7.5
27/10/2017,7.5
28/10/2017,7.5
29/10/2017,7.5
30/10/2017,7.5
31/10/2017,7.5
1/11/2017,7.5
2/11/2017,7.5
3/11/2017,7.5
4/11/2017,7.5
5/11/2017,7.5
6/11/2017,7.5
7/11/2017,7.5
8/11/2017,7.5
9/11/2017,7.5
10/11/2017,7.5
11/11/2017,7.5
12/11/2017,7.5
13/11/2017,7.5
14/11/2017,7.5
15/11/2017,7.5
16/11/2017,7.5
17/11/2017,7.5
18/11/2017,7.5
19/11/2017,7.5
20/11/2017,7.5
21/11/2017,7.5
22/11/2017,7.5
23/11/2017,7.5
24/11/2017,7.5
25/11/2017,7.5
26/11/2017,7.5
27/11/2017,7.5
28/11/2017,7.5
29/11/2017,7.5
30/11/2017,7.5
1/12/2017,7.5
2/12/2017,7.5
3/12/2017,7.5
4/12/2017,7.5
5/12/2017,7.5
6/12/2017,7.5
7/12/2017,7
8/12/2017,7
9/12/2017,7
10/12/2017,7
11/12/2017,7
12/12/2017,7
13/12/2017,7
14/12/2017,7
15/12/2017,7
16/12/2017,7
17/12/2017,7
18/12/2017,7
19/12/2017,7
20/12/2017,7
21/12/2017,7
22/12/2017,7
23/12/2017,7
24/12/2017,7
25/12/2017,7
26/12/2017,7
27/12/2017,7
28/12/2017,7
29/12/2017,7
30/12/2017,7
31/12/2017,7
1/1/2018,7
2/1/2018,7
3/1/2018,7
4/1/2018,7
5/1/2018,7
6/1/2018,7
7/1/2018,7
8/1/2018,7
9/1/2018,7
10/1/2018,7
11/1/2018,7
12/1/2018,7
13/01/2018,7
14/01/2018,7
15/01/2018,7
16/01/2018,7
17/01/2018,7
18/01/2018,7
19/01/2018,7
20/01/2018,7
21/01/2018,7
22/01/2018,7
23/01/2018,7
24/01/2018,7
25/01/2018,7
26/01/2018,7
27/01/2018,7
28/01/2018,7
29/01/2018,7
30/01/2018,7
31/01/2018,7
1/2/2018,7
2/2/2018,7
3/2/2018,7
4/2/2018,7
5/2/2018,7
6/2/2018,7
7/2/2018,7
8/2/2018,6.75
9/2/2018,6.75
10/2/2018,6.75
11/2/2018,6.75
12/2/2018,6.75
13/02/2018,6.75
14/02/2018,6.75
15/02/2018,6.75
16/02/2018,6.75
17/02/2018,6.75
18/02/2018,6.75
19/02/2018,6.75
20/02/2018,6.75
21/02/2018,6.75
22/02/2018,6.75
23/02/2018,6.75
24/02/2018,6.75
25/02/2018,6.75
26/02/2018,6.75
27/02/2018,6.75
28/02/2018,6.75
1/3/2018,6.75
2/3/2018,6.75
3/3/2018,6.75
4/3/2018,6.75
5/3/2018,6.75
6/3/2018,6.75
7/3/2018,6.75
8/3/2018,6.75
9/3/2018,6.75
10/3/2018,6.75
11/3/2018,6.75
12/3/2018,6.75
13/03/2018,6.75
14/03/2018,6.75
15/03/2018,6.75
16/03/2018,6.75
17/03/2018,6.75
18/03/2018,6.75
19/03/2018,6.75
20/03/2018,6.75
21/03/2018,6.75
22/03/2018,6.5
23/03/2018,6.5
24/03/2018,6.5
25/03/2018,6.5
26/03/2018,6.5
27/03/2018,6.5
28/03/2018,6.5
29/03/2018,6.5
30/03/2018,6.5
31/03/2018,6.5
1/4/2018,6.5
2/4/2018,6.5
3/4/2018,6.5
4/4/2018,6.5
5/4/2018,6.5
6/4/2018,6.5
7/4/2018,6.5
8/4/2018,6.5
9/4/2018,6.5
10/4/2018,6.5
11/4/2018,6.5
12/4/2018,6.5
13/04/2018,6.5
14/04/2018,6.5
15/04/2018,6.5
16/04/2018,6.5
17/04/2018,6.5
18/04/2018,6.5
19/04/2018,6.5
20/04/2018,6.5
21/04/2018,6.5
22/04/2018,6.5
23/04/2018,6.5
24/04/2018,6.5
25/04/2018,6.5
26/04/2018,6.5
27/04/2018,6.5
28/04/2018,6.5
29/04/2018,6.5
30/04/2018,6.5
1/5/2018,6.5
2/5/2018,6.5
3/5/2018,6.5
4/5/2018,6.5
5/5/2018,6.5
6/5/2018,6.5
7/5/2018,6.5
8/5/2018,6.5
9/5/2018,6.5
10/5/2018,6.5
11/5/2018,6.5
12/5/2018,6.5
13/05/2018,6.5
14/05/2018,6.5
15/05/2018,6.5
16/05/2018,6.5
17/05/2018,6.5
18/05/2018,6.5
19/05/2018,6.5
20/05/2018,6.5
21/05/2018,6.5
22/05/2018,6.5
23/05/2018,6.5
24/05/2018,6.5
25/05/2018,6.5
26/05/2018,6.5
27/05/2018,6.5
28/05/2018,6.5
29/05/2018,6.5
30/05/2018,6.5
31/05/2018,6.5
1/6/2018,6.5
2/6/2018,6.5
3/6/2018,6.5
4/6/2018,6.5
5/6/2018,6.5
6/6/2018,6.5
7/6/2018,6.5
8/6/2018,6.5
9/6/2018,6.5
10/6/2018,6.5
11/6/2018,6.5
12/6/2018,6.5
13/06/2018,6.5
14/06/2018,6.5
15/06/2018,6.5
16/06/2018,6.5
17/06/2018,6.5
18/06/2018,6.5
19/06/2018,6.5
20/06/2018,6.5
21/06/2018,6.5
22/06/2018,6.5
23/06/2018,6.5
24/06/2018,6.5
25/06/2018,6.5
26/06/2018,6.5
27/06/2018,6.5
28/06/2018,6.5
29/06/2018,6.5
30/06/2018,6.5
1/7/2018,6.5
2/7/2018,6.5
3/7/2018,6.5
4/7/2018,6.5
5/7/2018,6.5
6/7/2018,6.5
7/7/2018,6.5
8/7/2018,6.5
9/7/2018,6.5
10/7/2018,6.5
11/7/2018,6.5
12/7/2018,6.5
13/07/2018,6.5
14/07/2018,6.5
15/07/2018,6.5
16/07/2018,6.5
17/07/2018,6.5
18/07/2018,6.5
19/07/2018,6.5
20/07/2018,6.5
21/07/2018,6.5
22/07/2018,6.5
23/07/2018,6.5
24/07/2018,6.5
25/07/2018,6.5
26/07/2018,6.5
27/07/2018,6.5
28/07/2018,6.5
29/07/2018,6.5
30/07/2018,6.5
31/07/2018,6.5
1/8/2018,6.5
2/8/2018,6.5
3/8/2018,6.5
4/8/2018,6.5
5/8/2018,6.5
6/8/2018,6.5
7/8/2018,6.5
8/8/2018,6.5
9/8/2018,6.5
10/8/2018,6.5
11/8/2018,6.5
12/8/2018,6.5
13/08/2018,6.5
14/08/2018,6.5
15/08/2018,6.5
16/08/2018,6.5
17/08/2018,6.5
18/08/2018,6.5
19/08/2018,6.5
20/08/2018,6.5
21/08/2018,6.5
22/08/2018,6.5
23/08/2018,6.5
24/08/2018,6.5
25/08/2018,6.5
26/08/2018,6.5
27/08/2018,6.5
28/08/2018,6.5
29/08/2018,6.5
30/08/2018,6.5
31/08/2018,6.5
1/9/2018,6.5
2/9/2018,6.5
3/9/2018,6.5
4/9/2018,6.5
5/9/2018,6.5
6/9/2018,6.5
7/9/2018,6.5
8/9/2018,6.5
9/9/2018,6.5
10/9/2018,6.5
11/9/2018,6.5
12/9/2018,6.5
13/09/2018,6.5
14/09/2018,6.5
15/09/2018,6.5
16/09/2018,6.5
17/09/2018,6.5
18/09/2018,6.5
19/09/2018,6.5
20/09/2018,6.5
21/09/2018,6.5
22/09/2018,6.5
23/09/2018,6.5
24/09/2018,6.5
25/09/2018,6.5
26/09/2018,6.5
27/09/2018,6.5
28/09/2018,6.5
29/09/2018,6.5
30/09/2018,6.5
1/10/2018,6.5
2/10/2018,6.5
3/10/2018,6.5
4/10/2018,6.5
5/10/2018,6.5
6/10/2018,6.5
7/10/2018,6.5
8/10/2018,6.5
9/10/2018,6.5
10/10/2018,6.5
11/10/2018,6.5
12/10/2018,6.5
13/10/2018,6.5
14/10/2018,6.5
15/10/2018,6.5
16/10/2018,6.5
17/10/2018,6.5
18/10/2018,6.5
19/10/2018,6.5
20/10/2018,6.5
21/10/2018,6.5
22/10/2018,6.5
23/10/2018,6.5
24/10/2018,6.5
25/10/2018,6.5
26/10/2018,6.5
27/10/2018,6.5
28/10/2018,6.5
29/10/2018,6.5
30/10/2018,6.5
31/10/2018,6.5
1/11/2018,6.5
2/11/2018,6.5
3/11/2018,6.5
4/11/2018,6.5
5/11/2018,6.5
6/11/2018,6.5
7/11/2018,6.5
8/11/2018,6.5
9/11/2018,6.5
10/11/2018,6.5
11/11/2018,6.5
12/11/2018,6.5
13/11/2018,6.5
14/11/2018,6.5
15/11/2018,6.5
16/11/2018,6.5
17/11/2018,6.5
18/11/2018,6.5
19/11/2018,6.5
20/11/2018,6.5
21/11/2018,6.5
22/11/2018,6.5
23/11/2018,6.5
24/11/2018,6.5
25/11/2018,6.5
26/11/2018,6.5
27/11/2018,6.5
28/11/2018,6.5
29/11/2018,6.5
30/11/2018,6.5
1/12/2018,6.5
2/12/2018,6.5
3/12/2018,6.5
4/12/2018,6.5
5/12/2018,6.5
6/12/2018,6.5
7/12/2018,6.5
8/12/2018,6.5
9/12/2018,6.5
10/12/2018,6.5
11/12/2018,6.5
12/12/2018,6.5
13/12/2018,6.5
14/12/2018,6.5
15/12/2018,6.5
16/12/2018,6.5
17/12/2018,6.5
18/12/2018,6.5
19/12/2018,6.5
20/12/2018,6.5
21/12/2018,6.5
22/12/2018,6.5
23/12/2018,6.5
24/12/2018,6.5
25/12/2018,6.5
26/12/2018,6.5
27/12/2018,6.5
28/12/2018,6.5
29/12/2018,6.5
30/12/2018,6.5
31/12/2018,6.5
1/1/2019,6.5
2/1/2019,6.5
3/1/2019,6.5
4/1/2019,6.5
5/1/2019,6.5
6/1/2019,6.5
7/1/2019,6.5
8/1/2019,6.5
9/1/2019,6.5
10/1/2019,6.5
11/1/2019,6.5
12/1/2019,6.5
13/01/2019,6.5
14/01/2019,6.5
15/01/2019,6.5
16/01/2019,6.5
17/01/2019,6.5
18/01/2019,6.5
19/01/2019,6.5
20/01/2019,6.5
21/01/2019,6.5
22/01/2019,6.5
23/01/2019,6.5
24/01/2019,6.5
25/01/2019,6.5
26/01/2019,6.5
27/01/2019,6.5
28/01/2019,6.5
29/01/2019,6.5
30/01/2019,6.5
31/01/2019,6.5
1/2/2019,6.5
2/2/2019,6.5
3/2/2019,6.5
4/2/2019,6.5
5/2/2019,6.5
6/2/2019,6.5
7/2/2019,6.5
8/2/2019,6.5
9/2/2019,6.5
10/2/2019,6.5
11/2/2019,6.5
12/2/2019,6.5
13/02/2019,6.5
14/02/2019,6.5
15/02/2019,6.5
16/02/2019,6.5
17/02/2019,6.5
18/02/2019,6.5
19/02/2019,6.5
20/02/2019,6.5
21/02/2019,6.5
22/02/2019,6.5
23/02/2019,6.5
24/02/2019,6.5
25/02/2019,6.5
26/02/2019,6.5
27/02/2019,6.5
28/02/2019,6.5
1/3/2019,6.5
2/3/2019,6.5
3/3/2019,6.5
4/3/2019,6.5
5/3/2019,6.5
6/3/2019,6.5
7/3/2019,6.5
8/3/2019,6.5
9/3/2019,6.5
10/3/2019,6.5
11/3/2019,6.5
12/3/2019,6.5
13/03/2019,6.5
14/03/2019,6.5
15/03/2019,6.5
16/03/2019,6.5
17/03/2019,6.5
18/03/2019,6.5
19/03/2019,6.5
20/03/2019,6.5
21/03/2019,6.5
22/03/2019,6.5
23/03/2019,6.5
24/03/2019,6.5
25/03/2019,6.5
26/03/2019,6.5
27/03/2019,6.5
28/03/2019,6.5
29/03/2019,6.5
30/03/2019,6.5
31/03/2019,6.5
1/4/2019,6.5
2/4/2019,6.5
3/4/2019,6.5
4/4/2019,6.5
5/4/2019,6.5
6/4/2019,6.5
7/4/2019,6.5
8/4/2019,6.5
9/4/2019,6.5
10/4/2019,6.5
11/4/2019,6.5
12/4/2019,6.5
13/04/2019,6.5
14/04/2019,6.5
15/04/2019,6.5
16/04/2019,6.5
17/04/2019,6.5
18/04/2019,6.5
19/04/2019,6.5
20/04/2019,6.5
21/04/2019,6.5
22/04/2019,6.5
23/04/2019,6.5
24/04/2019,6.5
25/04/2019,6.5
26/04/2019,6.5
27/04/2019,6.5
28/04/2019,6.5
29/04/2019,6.5
30/04/2019,6.5
1/5/2019,6.5
2/5/2019,6.5
3/5/2019,6.5
4/5/2019,6.5
5/5/2019,6.5
6/5/2019,6.5
7/5/2019,6.5
8/5/2019,6.5
9/5/2019,6.5
10/5/2019,6.5
11/5/2019,6.5
12/5/2019,6.5
13/05/2019,6.5
14/05/2019,6.5
15/05/2019,6.5
16/05/2019,6.5
17/05/2019,6.5
18/05/2019,6.5
19/05/2019,6.5
20/05/2019,6.5
21/05/2019,6.5
22/05/2019,6.5
23/05/2019,6.5
24/05/2019,6.5
25/05/2019,6.5
26/05/2019,6.5
27/05/2019,6.5
28/05/2019,6.5
29/05/2019,6.5
30/05/2019,6.5
31/05/2019,6.5
1/6/2019,6.5
2/6/2019,6.5
3/6/2019,6.5
4/6/2019,6.5
5/6/2019,6.5
6/6/2019,6.5
7/6/2019,6.5
8/6/2019,6.5
9/6/2019,6.5
10/6/2019,6.5
11/6/2019,6.5
12/6/2019,6.5
13/06/2019,6.5
14/06/2019,6.5
15/06/2019,6.5
16/06/2019,6.5
17/06/2019,6.5
18/06/2019,6.5
19/06/2019,6.5
20/06/2019,6.5
21/06/2019,6.5
22/06/2019,6.5
23/06/2019,6.5
24/06/2019,6.5
25/06/2019,6.5
26/06/2019,6.5
27/06/2019,6.5
28/06/2019,6.5
29/06/2019,6.5
30/06/2019,6.5
1/7/2019,6.5
2/7/2019,6.5
3/7/2019,6.5
4/7/2019,6.5
5/7/2019,6.5
6/7/2019,6.5
7/7/2019,6.5
8/7/2019,6.5
9/7/2019,6.5
10/7/2019,6.5
11/7/2019,6.5
12/7/2019,6.5
13/07/2019,6.5
14/07/2019,6.5
15/07/2019,6.5
16/07/2019,6.5
17/07/2019,6.5
18/07/2019,6.5
19/07/2019,6.5
20/07/2019,6.5
21/07/2019,6.5
22/07/2019,6.5
23/07/2019,6.5
24/07/2019,6.5
25/07/2019,6.5
26/07/2019,6.5
27/07/2019,6.5
28/07/2019,6.5
29/07/2019,6.5
30/07/2019,6.5
31/07/2019,6.5
1/8/2019,6
2/8/2019,6
3/8/2019,6
4/8/2019,6
5/8/2019,6
6/8/2019,6
7/8/2019,6
8/8/2019,6
9/8/2019,6
10/8/2019,6
11/8/2019,6
12/8/2019,6
13/08/2019,6
14/08/2019,6
15/08/2019,6
16/08/2019,6
17/08/2019,6
18/08/2019,6
19/08/2019,6
20/08/2019,6
21/08/2019,6
22/08/2019,6
23/08/2019,6
24/08/2019,6
25/08/2019,6
26/08/2019,6
27/08/2019,6
28/08/2019,6
29/08/2019,6
30/08/2019,6
31/08/2019,6
1/9/2019,6
2/9/2019,6
3/9/2019,6
4/9/2019,6
5/9/2019,6
6/9/2019,6
7/9/2019,6
8/9/2019,6
9/9/2019,6
10/9/2019,6
11/9/2019,6
12/9/2019,6
13/09/2019,6
14/09/2019,6
15/09/2019,6
16/09/2019,6
17/09/2019,6
18/09/2019,6
19/09/2019,5.5
20/09/2019,5.5
21/09/2019,5.5
22/09/2019,5.5
23/09/2019,5.5
24/09/2019,5.5
25/09/2019,5.5
26/09/2019,5.5
27/09/2019,5.5
28/09/2019,5.5
29/09/2019,5.5
30/09/2019,5.5
1/10/2019,5.5
2/10/2019,5.5
3/10/2019,5.5
4/10/2019,5.5
5/10/2019,5.5
6/10/2019,5.5
7/10/2019,5.5
8/10/2019,5.5
9/10/2019,5.5
10/10/2019,5.5
11/10/2019,5.5
12/10/2019,5.5
13/10/2019,5.5
14/10/2019,5.5
15/10/2019,5.5
16/10/2019,5.5
17/10/2019,5.5
18/10/2019,5.5
19/10/2019,5.5
20/10/2019,5.5
21/10/2019,5.5
22/10/2019,5.5
23/10/2019,5.5
24/10/2019,5.5
25/10/2019,5.5
26/10/2019,5.5
27/10/2019,5.5
28/10/2019,5.5
29/10/2019,5.5
30/10/2019,5.5
31/10/2019,5
1/11/2019,5
2/11/2019,5
3/11/2019,5
4/11/2019,5
5/11/2019,5
6/11/2019,5
7/11/2019,5
8/11/2019,5
9/11/2019,5
10/11/2019,5
11/11/2019,5
12/11/2019,5
13/11/2019,5
14/11/2019,5
15/11/2019,5
16/11/2019,5
17/11/2019,5
18/11/2019,5
19/11/2019,5
20/11/2019,5
21/11/2019,5
22/11/2019,5
23/11/2019,5
24/11/2019,5
25/11/2019,5
26/11/2019,5
27/11/2019,5
28/11/2019,5
29/11/2019,5
30/11/2019,5
1/12/2019,5
2/12/2019,5
3/12/2019,5
4/12/2019,5
5/12/2019,5
6/12/2019,5
7/12/2019,5
8/12/2019,5
9/12/2019,5
10/12/2019,5
11/12/2019,5
12/12/2019,4.5
13/12/2019,4.5
14/12/2019,4.5
15/12/2019,4.5
16/12/2019,4.5
17/12/2019,4.5
18/12/2019,4.5
19/12/2019,4.5
20/12/2019,4.5
21/12/2019,4.5
22/12/2019,4.5
23/12/2019,4.5
24/12/2019,4.5
25/12/2019,4.5
26/12/2019,4.5
27/12/2019,4.5
28/12/2019,4.5
29/12/2019,4.5
30/12/2019,4.5
31/12/2019,4.5
1/1/2020,4.5
2/1/2020,4.5
3/1/2020,4.5
4/1/2020,4.5
5/1/2020,4.5
6/1/2020,4.5
7/1/2020,4.5
8/1/2020,4.5
9/1/2020,4.5
10/1/2020,4.5
11/1/2020,4.5
12/1/2020,4.5
13/01/2020,4.5
14/01/2020,4.5
15/01/2020,4.5
16/01/2020,4.5
17/01/2020,4.5
18/01/2020,4.5
19/01/2020,4.5
20/01/2020,4.5
21/01/2020,4.5
22/01/2020,4.5
23/01/2020,4.5
24/01/2020,4.5
25/01/2020,4.5
26/01/2020,4.5
27/01/2020,4.5
28/01/2020,4.5
29/01/2020,4.5
30/01/2020,4.5
31/01/2020,4.5
1/2/2020,4.5
2/2/2020,4.5
3/2/2020,4.5
4/2/2020,4.5
5/2/2020,4.5
6/2/2020,4.25
7/2/2020,4.25
8/2/2020,4.25
9/2/2020,4.25
10/2/2020,4.25
11/2/2020,4.25
12/2/2020,4.25
13/02/2020,4.25
14/02/2020,4.25
15/02/2020,4.25
16/02/2020,4.25
17/02/2020,4.25
18/02/2020,4.25
19/02/2020,4.25
20/02/2020,4.25
21/02/2020,4.25
22/02/2020,4.25
23/02/2020,4.25
24/02/2020,4.25
25/02/2020,4.25
26/02/2020,4.25
27/02/2020,4.25
28/02/2020,4.25
29/02/2020,4.25
1/3/2020,4.25
2/3/2020,4.25
3/3/2020,4.25
4/3/2020,4.25
5/3/2020,4.25
6/3/2020,4.25
7/3/2020,4.25
8/3/2020,4.25
9/3/2020,4.25
10/3/2020,4.25
11/3/2020,4.25
12/3/2020,4.25
13/03/2020,4.25
14/03/2020,4.25
15/03/2020,4.25
16/03/2020,4.25
17/03/2020,4.25
18/03/2020,4.25
19/03/2020,3.75
20/03/2020,3.75
21/03/2020,3.75
22/03/2020,3.75
23/03/2020,3.75
24/03/2020,3.75
25/03/2020,3.75
26/03/2020,3.75
27/03/2020,3.75
28/03/2020,3.75
29/03/2020,3.75
30/03/2020,3.75
31/03/2020,3.75
1/4/2020,3.75
2/4/2020,3.75
3/4/2020,3.75
4/4/2020,3.75
5/4/2020,3.75
6/4/2020,3.75
7/4/2020,3.75
8/4/2020,3.75
9/4/2020,3.75
10/4/2020,3.75
11/4/2020,3.75
12/4/2020,3.75
13/04/2020,3.75
14/04/2020,3.75
15/04/2020,3.75
16/04/2020,3.75
17/04/2020,3.75
18/04/2020,3.75
19/04/2020,3.75
20/04/2020,3.75
21/04/2020,3.75
22/04/2020,3.75
23/04/2020,3.75
24/04/2020,3.75
25/04/2020,3.75
26/04/2020,3.75
27/04/2020,3.75
28/04/2020,3.75
29/04/2020,3.75
30/04/2020,3.75
1/5/2020,3.75
2/5/2020,3.75
3/5/2020,3.75
4/5/2020,3.75
5/5/2020,3.75
6/5/2020,3.75
7/5/2020,3
8/5/2020,3
9/5/2020,3
10/5/2020,3
11/5/2020,3
12/5/2020,3
13/05/2020,3
14/05/2020,3
15/05/2020,3
16/05/2020,3
17/05/2020,3
18/05/2020,3
19/05/2020,3
20/05/2020,3
21/05/2020,3
22/05/2020,3
23/05/2020,3
24/05/2020,3
25/05/2020,3
26/05/2020,3
27/05/2020,3
28/05/2020,3
29/05/2020,3
30/05/2020,3
31/05/2020,3
1/6/2020,3
2/6/2020,3
3/6/2020,3
4/6/2020,3
5/6/2020,3
6/6/2020,3
7/6/2020,3
8/6/2020,3
9/6/2020,3
10/6/2020,3
11/6/2020,3
12/6/2020,3
13/06/2020,3
14/06/2020,3
15/06/2020,3
16/06/2020,3
17/06/2020,3
18/06/2020,2.25
19/06/2020,2.25
20/06/2020,2.25
21/06/2020,2.25
22/06/2020,2.25
23/06/2020,2.25
24/06/2020,2.25
25/06/2020,2.25
26/06/2020,2.25
27/06/2020,2.25
28/06/2020,2.25
29/06/2020,2.25
30/06/2020,2.25
1/7/2020,2.25
2/7/2020,2.25
3/7/2020,2.25
4/7/2020,2.25
5/7/2020,2.25
6/7/2020,2.25
7/7/2020,2.25
8/7/2020,2.25
9/7/2020,2.25
10/7/2020,2.25
11/7/2020,2.25
12/7/2020,2.25
13/07/2020,2.25
14/07/2020,2.25
15/07/2020,2.25
16/07/2020,2.25
17/07/2020,2.25
18/07/2020,2.25
19/07/2020,2.25
20/07/2020,2.25
21/07/2020,2.25
22/07/2020,2.25
23/07/2020,2.25
24/07/2020,2.25
25/07/2020,2.25
26/07/2020,2.25
27/07/2020,2.25
28/07/2020,2.25
29/07/2020,2.25
30/07/2020,2.25
31/07/2020,2.25
1/8/2020,2.25
2/8/2020,2.25
3/8/2020,2.25
4/8/2020,2.25
5/8/2020,2.25
6/8/2020,2
7/8/2020,2
8/8/2020,2
9/8/2020,2
10/8/2020,2
11/8/2020,2
12/8/2020,2
13/08/2020,2
14/08/2020,2
15/08/2020,2
16/08/2020,2
17/08/2020,2
18/08/2020,2
19/08/2020,2
20/08/2020,2
21/08/2020,2
22/08/2020,2
23/08/2020,2
24/08/2020,2
25/08/2020,2
26/08/2020,2
27/08/2020,2
28/08/2020,2
29/08/2020,2
30/08/2020,2
31/08/2020,2
1/9/2020,2
2/9/2020,2
3/9/2020,2
4/9/2020,2
5/9/2020,2
6/9/2020,2
7/9/2020,2
8/9/2020,2
9/9/2020,2
10/9/2020,2
11/9/2020,2
12/9/2020,2
13/09/2020,2
14/09/2020,2
15/09/2020,2
16/09/2020,2
17/09/2020,2
18/09/2020,2
19/09/2020,2
20/09/2020,2
21/09/2020,2
22/09/2020,2
23/09/2020,2
24/09/2020,2
25/09/2020,2
26/09/2020,2
27/09/2020,2
28/09/2020,2
29/09/2020,2
30/09/2020,2
1/10/2020,2
2/10/2020,2
3/10/2020,2
4/10/2020,2
5/10/2020,2
6/10/2020,2
7/10/2020,2
8/10/2020,2
9/10/2020,2
10/10/2020,2
11/10/2020,2
12/10/2020,2
13/10/2020,2
14/10/2020,2
15/10/2020,2
16/10/2020,2
17/10/2020,2
18/10/2020,2
19/10/2020,2
20/10/2020,2
21/10/2020,2
22/10/2020,2
23/10/2020,2
24/10/2020,2
25/10/2020,2
26/10/2020,2
27/10/2020,2
28/10/2020,2
29/10/2020,2
30/10/2020,2
31/10/2020,2
1/11/2020,2
2/11/2020,2
3/11/2020,2
4/11/2020,2
5/11/2020,2
6/11/2020,2
7/11/2020,2
8/11/2020,2
9/11/2020,2
10/11/2020,2
11/11/2020,2
12/11/2020,2
13/11/2020,2
14/11/2020,2
15/11/2020,2
16/11/2020,2
17/11/2020,2
18/11/2020,2
19/11/2020,2
20/11/2020,2
21/11/2020,2
22/11/2020,2
23/11/2020,2
24/11/2020,2
25/11/2020,2
26/11/2020,2
27/11/2020,2
28/11/2020,2
29/11/2020,2
30/11/2020,2
1/12/2020,2
2/12/2020,2
3/12/2020,2
4/12/2020,2
5/12/2020,2
6/12/2020,2
7/12/2020,2
8/12/2020,2
9/12/2020,2
10/12/2020,2
11/12/2020,2
12/12/2020,2
13/12/2020,2
14/12/2020,2
15/12/2020,2
16/12/2020,2
17/12/2020,2
18/12/2020,2
19/12/2020,2
20/12/2020,2
21/12/2020,2
22/12/2020,2
23/12/2020,2
24/12/2020,2
25/12/2020,2
26/12/2020,2
27/12/2020,2
28/12/2020,2
29/12/2020,2
30/12/2020,2
31/12/2020,2
1/1/2021,2
2/1/2021,2
3/1/2021,2
4/1/2021,2
5/1/2021,2
6/1/2021,2
7/1/2021,2
8/1/2021,2
9/1/2021,2
10/1/2021,2
11/1/2021,2
12/1/2021,2
13/01/2021,2
14/01/2021,2
15/01/2021,2
16/01/2021,2
17/01/2021,2
18/01/2021,2
19/01/2021,2
20/01/2021,2
21/01/2021,2
22/01/2021,2
23/01/2021,2
24/01/2021,2
25/01/2021,2
26/01/2021,2
27/01/2021,2
28/01/2021,2
29/01/2021,2
30/01/2021,2
31/01/2021,2
1/2/2021,2
2/2/2021,2
3/2/2021,2
4/2/2021,2
5/2/2021,2
6/2/2021,2
7/2/2021,2
8/2/2021,2
9/2/2021,2
10/2/2021,2
11/2/2021,2
12/2/2021,2
13/02/2021,2
14/02/2021,2
15/02/2021,2
16/02/2021,2
17/02/2021,2
18/02/2021,2
19/02/2021,2
20/02/2021,2
21/02/2021,2
22/02/2021,2
23/02/2021,2
24/02/2021,2
25/02/2021,2
26/02/2021,2
27/02/2021,2
28/02/2021,2
1/3/2021,2
2/3/2021,2
3/3/2021,2
4/3/2021,2
5/3/2021,2
6/3/2021,2
7/3/2021,2
8/3/2021,2
9/3/2021,2
10/3/2021,2
11/3/2021,2
12/3/2021,2
13/03/2021,2
14/03/2021,2
15/03/2021,2
16/03/2021,2
17/03/2021,2
18/03/2021,2.75
19/03/2021,2.75
20/03/2021,2.75
21/03/2021,2.75
22/03/2021,2.75
23/03/2021,2.75
24/03/2021,2.75
25/03/2021,2.75
26/03/2021,2.75
27/03/2021,2.75
28/03/2021,2.75
29/03/2021,2.75
30/03/2021,2.75
31/03/2021,2.75
1/4/2021,2.75
2/4/2021,2.75
3/4/2021,2.75
4/4/2021,2.75
5/4/2021,2.75
6/4/2021,2.75
7/4/2021,2.75
8/4/2021,2.75
9/4/2021,2.75
10/4/2021,2.75
11/4/2021,2.75
12/4/2021,2.75
13/04/2021,2.75
14/04/2021,2.75
15/04/2021,2.75
16/04/2021,2.75
17/04/2021,2.75
18/04/2021,2.75
19/04/2021,2.75
20/04/2021,2.75
21/04/2021,2.75
22/04/2021,2.75
23/04/2021,2.75
24/04/2021,2.75
25/04/2021,2.75
26/04/2021,2.75
27/04/2021,2.75
28/04/2021,2.75
29/04/2021,2.75
30/04/2021,2.75
1/5/2021,2.75
2/5/2021,2.75
3/5/2021,2.75
4/5/2021,2.75
5/5/2021,2.75
6/5/2021,3.5
7/5/2021,3.5
8/5/2021,3.5
9/5/2021,3.5
10/5/2021,3.5
11/5/2021,3.5
12/5/2021,3.5
13/05/2021,3.5
14/05/2021,3.5
15/05/2021,3.5
16/05/2021,3.5
17/05/2021,3.5
18/05/2021,3.5
19/05/2021,3.5
20/05/2021,3.5
21/05/2021,3.5
22/05/2021,3.5
23/05/2021,3.5
24/05/2021,3.5
25/05/2021,3.5
26/05/2021,3.5
27/05/2021,3.5
28/05/2021,3.5
29/05/2021,3.5
30/05/2021,3.5
31/05/2021,3.5
1/6/2021,3.5
2/6/2021,3.5
3/6/2021,3.5
4/6/2021,3.5
5/6/2021,3.5
6/6/2021,3.5
7/6/2021,3.5
8/6/2021,3.5
9/6/2021,3.5
10/6/2021,3.5
11/6/2021,3.5
12/6/2021,3.5
13/06/2021,3.5
14/06/2021,3.5
15/06/2021,3.5
16/06/2021,3.5
17/06/2021,4.25
18/06/2021,4.25
19/06/2021,4.25
20/06/2021,4.25
21/06/2021,4.25
22/06/2021,4.25
23/06/2021,4.25
24/06/2021,4.25
25/06/2021,4.25
26/06/2021,4.25
27/06/2021,4.25
28/06/2021,4.25
29/06/2021,4.25
30/06/2021,4.25
1/7/2021,4.25
2/7/2021,4.25
3/7/2021,4.25
4/7/2021,4.25
5/7/2021,4.25
6/7/2021,4.25
7/7/2021,4.25
8/7/2021,4.25
9/7/2021,4.25
10/7/2021,4.25
11/7/2021,4.25
12/7/2021,4.25
13/07/2021,4.25
14/07/2021,4.25
15/07/2021,4.25
16/07/2021,4.25
17/07/2021,4.25
18/07/2021,4.25
19/07/2021,4.25
20/07/2021,4.25
21/07/2021,4.25
22/07/2021,4.25
23/07/2021,4.25
24/07/2021,4.25
25/07/2021,4.25
26/07/2021,4.25
27/07/2021,4.25
28/07/2021,4.25
29/07/2021,4.25
30/07/2021,4.25
31/07/2021,4.25
1/8/2021,4.25
2/8/2021,4.25
3/8/2021,4.25
4/8/2021,4.25
5/8/2021,5.25
6/8/2021,5.25
7/8/2021,5.25
8/8/2021,5.25
9/8/2021,5.25
10/8/2021,5.25
11/8/2021,5.25
12/8/2021,5.25
13/08/2021,5.25
14/08/2021,5.25
15/08/2021,5.25
16/08/2021,5.25
17/08/2021,5.25
18/08/2021,5.25
19/08/2021,5.25
20/08/2021,5.25
21/08/2021,5.25
22/08/2021,5.25
23/08/2021,5.25
24/08/2021,5.25
25/08/2021,5.25
26/08/2021,5.25
27/08/2021,5.25
28/08/2021,5.25
29/08/2021,5.25
30/08/2021,5.25
31/08/2021,5.25
1/9/2021,5.25
2/9/2021,5.25
3/9/2021,5.25
4/9/2021,5.25
5/9/2021,5.25
6/9/2021,5.25
7/9/2021,5.25
8/9/2021,5.25
9/9/2021,5.25
10/9/2021,5.25
11/9/2021,5.25
12/9/2021,5.25
13/09/2021,5.25
14/09/2021,5.25
15/09/2021,5.25
16/09/2021,5.25
17/09/2021,5.25
18/09/2021,5.25
19/09/2021,5.25
20/09/2021,5.25
21/09/2021,5.25
22/09/2021,5.25
23/09/2021,6.25
24/09/2021,6.25
25/09/2021,6.25
26/09/2021,6.25
27/09/2021,6.25
28/09/2021,6.25
29/09/2021,6.25
30/09/2021,6.25
1/10/2021,6.25
2/10/2021,6.25
3/10/2021,6.25
4/10/2021,6.25
5/10/2021,6.25
6/10/2021,6.25
7/10/2021,6.25
8/10/2021,6.25
9/10/2021,6.25
10/10/2021,6.25
11/10/2021,6.25
12/10/2021,6.25
13/10/2021,6.25
14/10/2021,6.25
15/10/2021,6.25
16/10/2021,6.25
17/10/2021,6.25
18/10/2021,6.25
19/10/2021,6.25
20/10/2021,6.25
21/10/2021,6.25
22/10/2021,6.25
23/10/2021,6.25
24/10/2021,6.25
25/10/2021,6.25
26/10/2021,6.25
27/10/2021,6.25
28/10/2021,7.75
29/10/2021,7.75
30/10/2021,7.75
31/10/2021,7.75
1/11/2021,7.75
2/11/2021,7.75
3/11/2021,7.75
4/11/2021,7.75
5/11/2021,7.75
6/11/2021,7.75
7/11/2021,7.75
8/11/2021,7.75
9/11/2021,7.75
10/11/2021,7.75
11/11/2021,7.75
12/11/2021,7.75
13/11/2021,7.75
14/11/2021,7.75
15/11/2021,7.75
16/11/2021,7.75
17/11/2021,7.75
18/11/2021,7.75
19/11/2021,7.75
20/11/2021,7.75
21/11/2021,7.75
22/11/2021,7.75
23/11/2021,7.75
24/11/2021,7.75
25/11/2021,7.75
26/11/2021,7.75
27/11/2021,7.75
28/11/2021,7.75
29/11/2021,7.75
30/11/2021,7.75
1/12/2021,7.75
2/12/2021,7.75
3/12/2021,7.75
4/12/2021,7.75
5/12/2021,7.75
6/12/2021,7.75
7/12/2021,7.75
8/12/2021,7.75
9/12/2021,9.25
10/12/2021,9.25
11/12/2021,9.25
12/12/2021,9.25
13/12/2021,9.25
14/12/2021,9.25
15/12/2021,9.25
16/12/2021,9.25
17/12/2021,9.25
18/12/2021,9.25
19/12/2021,9.25
20/12/2021,9.25
21/12/2021,9.25
22/12/2021,9.25
23/12/2021,9.25
24/12/2021,9.25
25/12/2021,9.25
26/12/2021,9.25
27/12/2021,9.25
28/12/2021,9.25
29/12/2021,9.25
30/12/2021,9.25
31/12/2021,9.25
1/1/2022,9.25
2/1/2022,9.25
3/1/2022,9.25
4/1/2022,9.25
5/1/2022,9.25
6/1/2022,9.25
7/1/2022,9.25
8/1/2022,9.25
9/1/2022,9.25
10/1/2022,9.25
11/1/2022,9.25
12/1/2022,9.25
13/01/2022,9.25
14/01/2022,9.25
15/01/2022,9.25
16/01/2022,9.25
17/01/2022,9.25
18/01/2022,9.25
19/01/2022,9.25
20/01/2022,9.25
21/01/2022,9.25
22/01/2022,9.25
23/01/2022,9.25
24/01/2022,9.25
25/01/2022,9.25
26/01/2022,9.25
27/01/2022,9.25
28/01/2022,9.25
29/01/2022,9.25
30/01/2022,9.25
31/01/2022,9.25
1/2/2022,9.25
2/2/2022,9.25
3/2/2022,10.75
4/2/2022,10.75
5/2/2022,10.75
6/2/2022,10.75
7/2/2022,10.75
8/2/2022,10.75
9/2/2022,10.75
10/2/2022,10.75
11/2/2022,10.75
12/2/2022,10.75
13/02/2022,10.75
14/02/2022,10.75
15/02/2022,10.75
16/02/2022,10.75
17/02/2022,10.75
18/02/2022,10.75
19/02/2022,10.75
20/02/2022,10.75
21/02/2022,10.75
22/02/2022,10.75
23/02/2022,10.75
24/02/2022,10.75
25/02/2022,10.75
26/02/2022,10.75
27/02/2022,10.75
28/02/2022,10.75
1/3/2022,10.75
2/3/2022,10.75
3/3/2022,10.75
4/3/2022,10.75
5/3/2022,10.75
6/3/2022,10.75
7/3/2022,10.75
8/3/2022,10.75
9/3/2022,10.75
10/3/2022,10.75
11/3/2022,10.75
12/3/2022,10.75
13/03/2022,10.75
14/03/2022,10.75
15/03/2022,10.75
16/03/2022,10.75
17/03/2022,11.75
18/03/2022,11.75
19/03/2022,11.75
20/03/2022,11.75
21/03/2022,11.75
22/03/2022,11.75
23/03/2022,11.75
24/03/2022,11.75
25/03/2022,11.75
26/03/2022,11.75
27/03/2022,11.75
28/03/2022,11.75
29/03/2022,11.75
30/03/2022,11.75
31/03/2022,11.75
1/4/2022,11.75
2/4/2022,11.75
3/4/2022,11.75
4/4/2022,11.75
5/4/2022,11.75
6/4/2022,11.75
7/4/2022,11.75
8/4/2022,11.75
9/4/2022,11.75
10/4/2022,11.75
11/4/2022,11.75
12/4/2022,11.75
13/04/2022,11.75
14/04/2022,11.75
15/04/2022,11.75
16/04/2022,11.75
17/04/2022,11.75
18/04/2022,11.75
19/04/2022,11.75
20/04/2022,11.75
21/04/2022,11.75
22/04/2022,11.75
23/04/2022,11.75
24/04/2022,11.75
25/04/2022,11.75
26/04/2022,11.75
27/04/2022,11.75
28/04/2022,11.75
29/04/2022,11.75
30/04/2022,11.75
1/5/2022,11.75
2/5/2022,11.75
3/5/2022,11.75
4/5/2022,11.75
5/5/2022,12.75
6/5/2022,12.75
7/5/2022,12.75
8/5/2022,12.75
9/5/2022,12.75
10/5/2022,12.75
11/5/2022,12.75
12/5/2022,12.75
13/05/2022,12.75
14/05/2022,12.75
15/05/2022,12.75
16/05/2022,12.75
17/05/2022,12.75
18/05/2022,12.75
19/05/2022,12.75
20/05/2022,12.75
21/05/2022,12.75
22/05/2022,12.75
23/05/2022,12.75
24/05/2022,12.75
25/05/2022,12.75
26/05/2022,12.75
27/05/2022,12.75
28/05/2022,12.75
29/05/2022,12.75
30/05/2022,12.75
31/05/2022,12.75
1/6/2022,12.75
2/6/2022,12.75
3/6/2022,12.75
4/6/2022,12.75
5/6/2022,12.75
6/6/2022,12.75
7/6/2022,12.75
8/6/2022,12.75
9/6/2022,12.75
10/6/2022,12.75
11/6/2022,12.75
12/6/2022,12.75
13/06/2022,12.75
14/06/2022,12.75
15/06/2022,12.75
16/06/2022,13.25
17/06/2022,13.25
18/06/2022,13.25
19/06/2022,13.25
20/06/2022,13.25
21/06/2022,13.25
22/06/2022,13.25
23/06/2022,13.25
24/06/2022,13.25
25/06/2022,13.25
26/06/2022,13.25
27/06/2022,13.25
28/06/2022,13.25
29/06/2022,13.25
30/06/2022,13.25
1/7/2022,13.25
2/7/2022,13.25
3/7/2022,13.25
4/7/2022,13.25
5/7/2022,13.25
6/7/2022,13.25
7/7/2022,13.25
8/7/2022,13.25
9/7/2022,13.25
10/7/2022,13.25
11/7/2022,13.25
12/7/2022,13.25
13/07/2022,13.25
14/07/2022,13.25
15/07/2022,13.25
16/07/2022,13.25
17/07/2022,13.25
18/07/2022,13.25
19/07/2022,13.25
20/07/2022,13.25
21/07/2022,13.25
22/07/2022,13.25
23/07/2022,13.25
24/07/2022,13.25
25/07/2022,13.25
26/07/2022,13.25
27/07/2022,13.25
28/07/2022,13.25
29/07/2022,13.25
30/07/2022,13.25
31/07/2022,13.25
1/8/2022,13.25
2/8/2022,13.25
3/8/2022,13.25
4/8/2022,13.75
5/8/2022,13.75
6/8/2022,13.75
7/8/2022,13.75
8/8/2022,13.75
9/8/2022,13.75
10/8/2022,13.75
11/8/2022,13.75
12/8/2022,13.75
13/08/2022,13.75
14/08/2022,13.75
15/08/2022,13.75
16/08/2022,13.75
17/08/2022,13.75
18/08/2022,13.75
19/08/2022,13.75
20/08/2022,13.75
21/08/2022,13.75
22/08/2022,13.75
23/08/2022,13.75
24/08/2022,13.75
25/08/2022,13.75
26/08/2022,13.75
27/08/2022,13.75
28/08/2022,13.75
29/08/2022,13.75
30/08/2022,13.75
31/08/2022,13.75
1/9/2022,13.75
2/9/2022,13.75
3/9/2022,13.75
4/9/2022,13.75
5/9/2022,13.75
6/9/2022,13.75
7/9/2022,13.75
8/9/2022,13.75
9/9/2022,13.75
10/9/2022,13.75
11/9/2022,13.75
12/9/2022,13.75
13/09/2022,13.75
14/09/2022,13.75
15/09/2022,13.75
16/09/2022,13.75
17/09/2022,13.75
18/09/2022,13.75
19/09/2022,13.75
20/09/2022,13.75
21/09/2022,13.75
22/09/2022,13.75
23/09/2022,13.75
24/09/2022,13.75
25/09/2022,13.75
26/09/2022,13.75
27/09/2022,13.75
28/09/2022,13.75
29/09/2022,13.75
30/09/2022,13.75
1/10/2022,13.75
2/10/2022,13.75
3/10/2022,13.75
4/10/2022,13.75
5/10/2022,13.75
6/10/2022,13.75
7/10/2022,13.75
8/10/2022,13.75
9/10/2022,13.75
10/10/2022,13.75
11/10/2022,13.75
12/10/2022,13.75
13/10/2022,13.75
14/10/2022,13.75
15/10/2022,13.75
16/10/2022,13.75
17/10/2022,13.75
18/10/2022,13.75
19/10/2022,13.75
20/10/2022,13.75
21/10/2022,13.75
22/10/2022,13.75
23/10/2022,13.75
24/10/2022,13.75
25/10/2022,13.75
26/10/2022,13.75
27/10/2022,13.75
28/10/2022,13.75
29/10/2022,13.75
30/10/2022,13.75
31/10/2022,13.75
1/11/2022,13.75
2/11/2022,13.75
3/11/2022,13.75
4/11/2022,13.75
5/11/2022,13.75
6/11/2022,13.75
7/11/2022,13.75
8/11/2022,13.75
9/11/2022,13.75
10/11/2022,13.75
11/11/2022,13.75
12/11/2022,13.75
13/11/2022,13.75
14/11/2022,13.75
15/11/2022,13.75
16/11/2022,13.75
17/11/2022,13.75
18/11/2022,13.75
19/11/2022,13.75
20/11/2022,13.75
21/11/2022,13.75
22/11/2022,13.75
23/11/2022,13.75
24/11/2022,13.75
25/11/2022,13.75
26/11/2022,13.75
27/11/2022,13.75
28/11/2022,13.75
29/11/2022,13.75
30/11/2022,13.75
1/12/2022,13.75
2/12/2022,13.75
3/12/2022,13.75
4/12/2022,13.75
5/12/2022,13.75
6/12/2022,13.75
7/12/2022,13.75
8/12/2022,13.75
9/12/2022,13.75
10/12/2022,13.75
11/12/2022,13.75
12/12/2022,13.75
13/12/2022,13.75
14/12/2022,13.75
15/12/2022,13.75
16/12/2022,13.75
17/12/2022,13.75
18/12/2022,13.75
19/12/2022,13.75
20/12/2022,13.75
21/12/2022,13.75
22/12/2022,13.75
23/12/2022,13.75
24/12/2022,13.75
25/12/2022,13.75
26/12/2022,13.75
27/12/2022,13.75
28/12/2022,13.75
29/12/2022,13.75
30/12/2022,13.75
31/12/2022,13.75
1/1/2023,13.75
2/1/2023,13.75
3/1/2023,13.75
4/1/2023,13.75
5/1/2023,13.75
6/1/2023,13.75
7/1/2023,13.75
8/1/2023,13.75
9/1/2023,13.75
10/1/2023,13.75
11/1/2023,13.75
12/1/2023,13.75
13/01/2023,13.75
14/01/2023,13.75
15/01/2023,13.75
16/01/2023,13.75
17/01/2023,13.75
18/01/2023,13.75
19/01/2023,13.75
20/01/2023,13.75
21/01/2023,13.75
22/01/2023,13.75
23/01/2023,13.75
24/01/2023,13.75
25/01/2023,13.75
26/01/2023,13.75
27/01/2023,13.75
28/01/2023,13.75
29/01/2023,13.75
30/01/2023,13.75
31/01/2023,13.75
1/2/2023,13.75
2/2/2023,13.75
3/2/2023,13.75
4/2/2023,13.75
5/2/2023,13.75
6/2/2023,13.75
7/2/2023,13.75
8/2/2023,13.75
9/2/2023,13.75
10/2/2023,13.75
11/2/2023,13.75
12/2/2023,13.75
13/02/2023,13.75
14/02/2023,13.75
15/02/2023,13.75
16/02/2023,13.75
17/02/2023,13.75
18/02/2023,13.75
19/02/2023,13.75
20/02/2023,13.75
21/02/2023,13.75
22/02/2023,13.75
23/02/2023,13.75
24/02/2023,13.75
25/02/2023,13.75
26/02/2023,13.75
27/02/2023,13.75
28/02/2023,13.75
1/3/2023,13.75
2/3/2023,13.75
3/3/2023,13.75
4/3/2023,13.75
5/3/2023,13.75
6/3/2023,13.75
7/3/2023,13.75
8/3/2023,13.75
9/3/2023,13.75
10/3/2023,13.75
11/3/2023,13.75
12/3/2023,13.75
13/03/2023,13.75
14/03/2023,13.75
15/03/2023,13.75
16/03/2023,13.75
17/03/2023,13.75
18/03/2023,13.75
19/03/2023,13.75
20/03/2023,13.75
21/03/2023,13.75
22/03/2023,13.75
23/03/2023,13.75
24/03/2023,13.75
25/03/2023,13.75
26/03/2023,13.75
27/03/2023,13.75
28/03/2023,13.75
29/03/2023,13.75
30/03/2023,13.75
31/03/2023,13.75
1/4/2023,13.75
2/4/2023,13.75
3/4/2023,13.75
4/4/2023,13.75
5/4/2023,13.75
6/4/2023,13.75
7/4/2023,13.75
8/4/2023,13.75
9/4/2023,13.75
10/4/2023,13.75
11/4/2023,13.75
12/4/2023,13.75
13/04/2023,13.75
14/04/2023,13.75
15/04/2023,13.75
16/04/2023,13.75
17/04/2023,13.75
18/04/2023,13.75
19/04/2023,13.75
20/04/2023,13.75
21/04/2023,13.75
22/04/2023,13.75
23/04/2023,13.75
24/04/2023,13.75
25/04/2023,13.75
26/04/2023,13.75
27/04/2023,13.75
28/04/2023,13.75
29/04/2023,13.75
30/04/2023,13.75
1/5/2023,13.75
2/5/2023,13.75
3/5/2023,13.75
4/5/2023,13.75
5/5/2023,13.75
6/5/2023,13.75
7/5/2023,13.75
8/5/2023,13.75
9/5/2023,13.75
10/5/2023,13.75
11/5/2023,13.75
12/5/2023,13.75
13/05/2023,13.75
14/05/2023,13.75
15/05/2023,13.75
16/05/2023,13.75
17/05/2023,13.75
18/05/2023,13.75
19/05/2023,13.75
20/05/2023,13.75
21/05/2023,13.75
22/05/2023,13.75
23/05/2023,13.75
24/05/2023,13.75
25/05/2023,13.75
26/05/2023,13.75
27/05/2023,13.75
28/05/2023,13.75
29/05/2023,13.75
30/05/2023,13.75
31/05/2023,13.75
1/6/2023,13.75
2/6/2023,13.75
3/6/2023,13.75
4/6/2023,13.75
5/6/2023,13.75
6/6/2023,13.75
7/6/2023,13.75
8/6/2023,13.75
9/6/2023,13.75
10/6/2023,13.75
11/6/2023,13.75
12/6/2023,13.75
13/06/2023,13.75
14/06/2023,13.75
15/06/2023,13.75
16/06/2023,13.75
17/06/2023,13.75
18/06/2023,13.75
19/06/2023,13.75
20/06/2023,13.75
21/06/2023,13.75
22/06/2023,13.75
23/06/2023,13.75
24/06/2023,13.75
25/06/2023,13.75
26/06/2023,13.75
27/06/2023,13.75
28/06/2023,13.75
29/06/2023,13.75
30/06/2023,13.75
1/7/2023,13.75
2/7/2023,13.75
3/7/2023,13.75
4/7/2023,13.75
5/7/2023,13.75
6/7/2023,13.75
7/7/2023,13.75
8/7/2023,13.75
9/7/2023,13.75
10/7/2023,13.75
11/7/2023,13.75
12/7/2023,13.75
13/07/2023,13.75
14/07/2023,13.75
15/07/2023,13.75
16/07/2023,13.75
17/07/2023,13.75
18/07/2023,13.75
19/07/2023,13.75
20/07/2023,13.75
21/07/2023,13.75
22/07/2023,13.75
23/07/2023,13.75
24/07/2023,13.75
25/07/2023,13.75
26/07/2023,13.75
27/07/2023,13.75
28/07/2023,13.75
29/07/2023,13.75
30/07/2023,13.75
31/07/2023,13.75
1/8/2023,13.75
2/8/2023,13.75
3/8/2023,13.25
4/8/2023,13.25
5/8/2023,13.25
6/8/2023,13.25
7/8/2023,13.25
8/8/2023,13.25
9/8/2023,13.25
10/8/2023,13.25
11/8/2023,13.25
12/8/2023,13.25
13/08/2023,13.25
14/08/2023,13.25
15/08/2023,13.25
16/08/2023,13.25
17/08/2023,13.25
18/08/2023,13.25
19/08/2023,13.25
20/08/2023,13.25
21/08/2023,13.25
22/08/2023,13.25
23/08/2023,13.25
24/08/2023,13.25
25/08/2023,13.25
26/08/2023,13.25
27/08/2023,13.25
28/08/2023,13.25
29/08/2023,13.25
30/08/2023,13.25
31/08/2023,13.25
1/9/2023,13.25
2/9/2023,13.25
3/9/2023,13.25
4/9/2023,13.25
5/9/2023,13.25
6/9/2023,13.25
7/9/2023,13.25
8/9/2023,13.25
9/9/2023,13.25
10/9/2023,13.25
11/9/2023,13.25
12/9/2023,13.25
13/09/2023,13.25
14/09/2023,13.25
15/09/2023,13.25
16/09/2023,13.25
17/09/2023,13.25
18/09/2023,13.25
19/09/2023,13.25
20/09/2023,13.25
21/09/2023,12.75
22/09/2023,12.75
23/09/2023,12.75
24/09/2023,12.75
25/09/2023,12.75
26/09/2023,12.75
27/09/2023,12.75
28/09/2023,12.75
29/09/2023,12.75
30/09/2023,12.75
1/10/2023,12.75
2/10/2023,12.75
3/10/2023,12.75
4/10/2023,12.75
5/10/2023,12.75
6/10/2023,12.75
7/10/2023,12.75
8/10/2023,12.75
9/10/2023,12.75
10/10/2023,12.75
11/10/2023,12.75
12/10/2023,12.75
13/10/2023,12.75
14/10/2023,12.75
15/10/2023,12.75
16/10/2023,12.75
17/10/2023,12.75
18/10/2023,12.75
19/10/2023,12.75
20/10/2023,12.75
21/10/2023,12.75
22/10/2023,12.75
23/10/2023,12.75
24/10/2023,12.75
25/10/2023,12.75
26/10/2023,12.75
27/10/2023,12.75
28/10/2023,12.75
29/10/2023,12.75
30/10/2023,12.75
31/10/2023,12.75
1/11/2023,12.75
2/11/2023,12.25
3/11/2023,12.25
4/11/2023,12.25
5/11/2023,12.25
6/11/2023,12.25
7/11/2023,12.25
8/11/2023,12.25
9/11/2023,12.25
10/11/2023,12.25
11/11/2023,12.25
12/11/2023,12.25
13/11/2023,12.25
14/11/2023,12.25
15/11/2023,12.25
16/11/2023,12.25
17/11/2023,12.25
18/11/2023,12.25
19/11/2023,12.25
20/11/2023,12.25
21/11/2023,12.25
22/11/2023,12.25
23/11/2023,12.25
24/11/2023,12.25
25/11/2023,12.25
26/11/2023,12.25
27/11/2023,12.25
28/11/2023,12.25
29/11/2023,12.25
30/11/2023,12.25
1/12/2023,12.25
2/12/2023,12.25
3/12/2023,12.25
4/12/2023,12.25
5/12/2023,12.25
6/12/2023,12.25
7/12/2023,12.25
8/12/2023,12.25
9/12/2023,12.25
10/12/2023,12.25
11/12/2023,12.25
12/12/2023,12.25
13/12/2023,12.25
14/12/2023,11.75
15/12/2023,11.75
16/12/2023,11.75
17/12/2023,11.75
18/12/2023,11.75
19/12/2023,11.75
20/12/2023,11.75
21/12/2023,11.75
22/12/2023,11.75
23/12/2023,11.75
24/12/2023,11.75
25/12/2023,11.75
26/12/2023,11.75
27/12/2023,11.75
28/12/2023,11.75
29/12/2023,11.75
30/12/2023,11.75
31/12/2023,11.75
1/1/2024,11.75
2/1/2024,11.75
3/1/2024,11.75
4/1/2024,11.75
5/1/2024,11.75
6/1/2024,11.75
7/1/2024,11.75
8/1/2024,11.75
9/1/2024,11.75
10/1/2024,11.75
11/1/2024,11.75
12/1/2024,11.75
13/01/2024,11.75
14/01/2024,11.75
15/01/2024,11.75
16/01/2024,11.75
17/01/2024,11.75
18/01/2024,11.75
19/01/2024,11.75
20/01/2024,11.75
21/01/2024,11.75
22/01/2024,11.75
23/01/2024,11.75
24/01/2024,11.75
25/01/2024,11.75
26/01/2024,11.75
27/01/2024,11.75
28/01/2024,11.75
29/01/2024,11.75
30/01/2024,11.75
31/01/2024,11.75
1/2/2024,11.25
2/2/2024,11.25
3/2/2024,11.25
4/2/2024,11.25
5/2/2024,11.25
6/2/2024,11.25
7/2/2024,11.25
8/2/2024,11.25
9/2/2024,11.25
10/2/2024,11.25
11/2/2024,11.25
12/2/2024,11.25
13/02/2024,11.25
14/02/2024,11.25
15/02/2024,11.25
16/02/2024,11.25
17/02/2024,11.25
18/02/2024,11.25
19/02/2024,11.25
20/02/2024,11.25
21/02/2024,11.25
22/02/2024,11.25
23/02/2024,11.25
24/02/2024,11.25
25/02/2024,11.25
26/02/2024,11.25
27/02/2024,11.25
28/02/2024,11.25
29/02/2024,11.25
1/3/2024,11.25
2/3/2024,11.25
3/3/2024,11.25
4/3/2024,11.25
5/3/2024,11.25
6/3/2024,11.25
7/3/2024,11.25
8/3/2024,11.25
9/3/2024,11.25
10/3/2024,11.25
11/3/2024,11.25
12/3/2024,11.25
13/03/2024,11.25
14/03/2024,11.25
15/03/2024,11.25
16/03/2024,11.25
17/03/2024,11.25
18/03/2024,11.25
19/03/2024,11.25
20/03/2024,11.25
21/03/2024,10.75
22/03/2024,10.75
23/03/2024,10.75
24/03/2024,10.75
25/03/2024,10.75
26/03/2024,10.75
27/03/2024,10.75
28/03/2024,10.75
29/03/2024,10.75
30/03/2024,10.75
31/03/2024,10.75
1/4/2024,10.75
2/4/2024,10.75
3/4/2024,10.75
4/4/2024,10.75
5/4/2024,10.75
6/4/2024,10.75
7/4/2024,10.75
8/4/2024,10.75
9/4/2024,10.75
10/4/2024,10.75
11/4/2024,10.75
12/4/2024,10.75
13/04/2024,10.75
14/04/2024,10.75
15/04/2024,10.75
16/04/2024,10.75
17/04/2024,10.75
18/04/2024,10.75
19/04/2024,10.75
20/04/2024,10.75
21/04/2024,10.75
22/04/2024,10.75
23/04/2024,10.75
24/04/2024,10.75
25/04/2024,10.75
26/04/2024,10.75
27/04/2024,10.75
28/04/2024,10.75
29/04/2024,10.75
30/04/2024,10.75
1/5/2024,10.75
2/5/2024,10.75
3/5/2024,10.75
4/5/2024,10.75
5/5/2024,10.75
6/5/2024,10.75
7/5/2024,10.75
8/5/2024,10.75
9/5/2024,10.5
10/5/2024,10.5
11/5/2024,10.5
12/5/2024,10.5
13/05/2024,10.5
14/05/2024,10.5
15/05/2024,10.5
16/05/2024,10.5
17/05/2024,10.5
18/05/2024,10.5
19/05/2024,10.5
20/05/2024,10.5
21/05/2024,10.5
22/05/2024,10.5
23/05/2024,10.5
24/05/2024,10.5
25/05/2024,10.5
26/05/2024,10.5
27/05/2024,10.5
28/05/2024,10.5
29/05/2024,10.5
30/05/2024,10.5
31/05/2024,10.5
1/6/2024,10.5
2/6/2024,10.5
3/6/2024,10.5
4/6/2024,10.5
5/6/2024,10.5
6/6/2024,10.5
7/6/2024,10.5
8/6/2024,10.5
9/6/2024,10.5
10/6/2024,10.5
11/6/2024,10.5
12/6/2024,10.5
13/06/2024,10.5
14/06/2024,10.5
15/06/2024,10.5
16/06/2024,10.5
17/06/2024,10.5
18/06/2024,10.5
19/06/2024,10.5
20/06/2024,10.5
21/06/2024,10.5
22/06/2024,10.5
23/06/2024,10.5
24/06/2024,10.5
25/06/2024,10.5
26/06/2024,10.5
27/06/2024,10.5
28/06/2024,10.5
29/06/2024,10.5
30/06/2024,10.5
1/7/2024,10.5
2/7/2024,10.5
3/7/2024,10.5
4/7/2024,10.5
5/7/2024,10.5
6/7/2024,10.5
7/7/2024,10.5
8/7/2024,10.5
9/7/2024,10.5
10/7/2024,10.5
11/7/2024,10.5
12/7/2024,10.5
13/07/2024,10.5
14/07/2024,10.5
15/07/2024,10.5
16/07/2024,10.5
17/07/2024,10.5
18/07/2024,10.5
19/07/2024,10.5
20/07/2024,10.5
21/07/2024,10.5
22/07/2024,10.5
23/07/2024,10.5
24/07/2024,10.5
25/07/2024,10.5
26/07/2024,10.5
27/07/2024,10.5
28/07/2024,10.5
29/07/2024,10.5
30/07/2024,10.5
31/07/2024,10.5
1/8/2024,10.5
2/8/2024,10.5
3/8/2024,10.5
4/8/2024,10.5
5/8/2024,10.5
6/8/2024,10.5
7/8/2024,10.5
8/8/2024,10.5
9/8/2024,10.5
10/8/2024,10.5
11/8/2024,10.5
12/8/2024,10.5
13/08/2024,10.5
14/08/2024,10.5
15/08/2024,10.5
16/08/2024,10.5
17/08/2024,10.5
18/08/2024,10.5
19/08/2024,10.5
20/08/2024,10.5
21/08/2024,10.5
22/08/2024,10.5
23/08/2024,10.5
24/08/2024,10.5
25/08/2024,10.5
26/08/2024,10.5
27/08/2024,10.5
28/08/2024,10.5
29/08/2024,10.5
30/08/2024,10.5
31/08/2024,10.5
1/9/2024,10.5
2/9/2024,10.5
3/9/2024,10.5
4/9/2024,10.5
5/9/2024,10.5
6/9/2024,10.5
7/9/2024,10.5
8/9/2024,10.5
9/9/2024,10.5
10/9/2024,10.5
11/9/2024,10.5
12/9/2024,10.5
13/09/2024,10.5
14/09/2024,10.5
15/09/2024,10.5
16/09/2024,10.5
17/09/2024,10.5
18/09/2024,10.5
19/09/2024,10.75
20/09/2024,10.75
21/09/2024,10.75
22/09/2024,10.75
23/09/2024,10.75
24/09/2024,10.75
25/09/2024,10.75
26/09/2024,10.75
27/09/2024,10.75
28/09/2024,10.75
29/09/2024,10.75
30/09/2024,10.75
1/10/2024,10.75
2/10/2024,10.75
3/10/2024,10.75
4/10/2024,10.75
5/10/2024,10.75
6/10/2024,10.75
7/10/2024,10.75
8/10/2024,10.75
9/10/2024,10.75
10/10/2024,10.75
11/10/2024,10.75
12/10/2024,10.75
13/10/2024,10.75
14/10/2024,10.75
15/10/2024,10.75
16/10/2024,10.75
17/10/2024,10.75
18/10/2024,10.75
19/10/2024,10.75
20/10/2024,10.75
21/10/2024,10.75
22/10/2024,10.75
23/10/2024,10.75
24/10/2024,10.75
25/10/2024,10.75
26/10/2024,10.75
27/10/2024,10.75
28/10/2024,10.75
29/10/2024,10.75
30/10/2024,10.75
31/10/2024,10.75
1/11/2024,10.75
2/11/2024,10.75
3/11/2024,10.75
4/11/2024,10.75
5/11/2024,10.75
6/11/2024,10.75
7/11/2024,11.25
8/11/2024,11.25
9/11/2024,11.25
10/11/2024,11.25
11/11/2024,11.25
12/11/2024,11.25
13/11/2024,11.25
14/11/2024,11.25
15/11/2024,11.25
16/11/2024,11.25
17/11/2024,11.25
18/11/2024,11.25
19/11/2024,11.25
20/11/2024,11.25
21/11/2024,11.25
22/11/2024,11.25
23/11/2024,11.25
24/11/2024,11.25
25/11/2024,11.25
26/11/2024,11.25
27/11/2024,11.25
28/11/2024,11.25
29/11/2024,11.25
30/11/2024,11.25
1/12/2024,11.25
2/12/2024,11.25
3/12/2024,11.25
4/12/2024,11.25
5/12/2024,11.25
6/12/2024,11.25
7/12/2024,11.25
8/12/2024,11.25
9/12/2024,11.25
10/12/2024,11.25
11/12/2024,11.25
12/12/2024,12.25
13/12/2024,12.25
14/12/2024,12.25
15/12/2024,12.25
16/12/2024,12.25
17/12/2024,12.25
18/12/2024,12.25
19/12/2024,12.25
20/12/2024,12.25
21/12/2024,12.25
22/12/2024,12.25
23/12/2024,12.25
24/12/2024,12.25
25/12/2024,12.25
26/12/2024,12.25
27/12/2024,12.25
28/12/2024,12.25
29/12/2024,12.25
30/12/2024,12.25
31/12/2024,12.25
1/1/2025,12.25
2/1/2025,12.25
3/1/2025,12.25
4/1/2025,12.25
5/1/2025,12.25
6/1/2025,12.25
7/1/2025,12.25
8/1/2025,12.25
9/1/2025,12.25
10/1/2025,12.25
11/1/2025,12.25
12/1/2025,12.25
13/01/2025,12.25
14/01/2025,12.25
15/01/2025,12.25
16/01/2025,12.25
17/01/2025,12.25
18/01/2025,12.25
19/01/2025,12.25
20/01/2025,12.25
21/01/2025,12.25
22/01/2025,12.25
23/01/2025,12.25
24/01/2025,12.25
25/01/2025,12.25
26/01/2025,12.25
27/01/2025,12.25
28/01/2025,12.25
29/01/2025,12.25
30/01/2025,13.25
31/01/2025,13.25
1/2/2025,13.25
2/2/2025,13.25
3/2/2025,13.25
4/2/2025,13.25
5/2/2025,13.25
6/2/2025,13.25
7/2/2025,13.25
8/2/2025,13.25
9/2/2025,13.25
10/2/2025,13.25
11/2/2025,13.25
12/2/2025,13.25
13/02/2025,13.25
14/02/2025,13.25
15/02/2025,13.25
16/02/2025,13.25
17/02/2025,13.25
18/02/2025,13.25
19/02/2025,13.25
20/02/2025,13.25
21/02/2025,13.25
22/02/2025,13.25
23/02/2025,13.25
24/02/2025,13.25
25/02/2025,13.25
26/02/2025,13.25
27/02/2025,13.25
28/02/2025,13.25
1/3/2025,13.25
2/3/2025,13.25
3/3/2025,13.25
4/3/2025,13.25
5/3/2025,13.25
6/3/2025,13.25
7/3/2025,13.25
8/3/2025,13.25
9/3/2025,13.25
10/3/2025,13.25
11/3/2025,13.25
12/3/2025,13.25
13/03/2025,13.25
14/03/2025,13.25
15/03/2025,13.25
16/03/2025,13.25
17/03/2025,13.25
18/03/2025,13.25
19/03/2025,13.25
20/03/2025,14.25
21/03/2025,14.25
22/03/2025,14.25
23/03/2025,14.25
24/03/2025,14.25
25/03/2025,14.25
26/03/2025,14.25
27/03/2025,14.25
28/03/2025,14.25
29/03/2025,14.25
30/03/2025,14.25
31/03/2025,14.25
1/4/2025,14.25
2/4/2025,14.25
3/4/2025,14.25
4/4/2025,14.25
5/4/2025,14.25
6/4/2025,14.25
7/4/2025,14.25
8/4/2025,14.25
9/4/2025,14.25
10/4/2025,14.25
11/4/2025,14.25
12/4/2025,14.25
13/04/2025,14.25
14/04/2025,14.25
15/04/2025,14.25
16/04/2025,14.25
17/04/2025,14.25
18/04/2025,14.25
19/04/2025,14.25
20/04/2025,14.25
21/04/2025,14.25
22/04/2025,14.25
23/04/2025,14.25
24/04/2025,14.25
25/04/2025,14.25
26/04/2025,14.25
27/04/2025,14.25
28/04/2025,14.25
29/04/2025,14.25
30/04/2025,14.25
1/5/2025,14.25
2/5/2025,14.25
3/5/2025,14.25
4/5/2025,14.25
5/5/2025,14.25
6/5/2025,14.25
7/5/2025,14.25
8/5/2025,14.75
9/5/2025,14.75
10/5/2025,14.75
11/5/2025,14.75
12/5/2025,14.75
13/05/2025,14.75
14/05/2025,14.75
15/05/2025,14.75
16/05/2025,14.75
17/05/2025,14.75
18/05/2025,14.75
19/05/2025,14.75
20/05/2025,14.75
21/05/2025,14.75
22/05/2025,14.75
23/05/2025,14.75
24/05/2025,14.75
25/05/2025,14.75
26/05/2025,14.75
27/05/2025,14.75
28/05/2025,14.75
29/05/2025,14.75
30/05/2025,14.75
31/05/2025,14.75
1/6/2025,14.75
2/6/2025,14.75
3/6/2025,14.75
4/6/2025,14.75
5/6/2025,14.75
6/6/2025,14.75
7/6/2025,14.75
8/6/2025,14.75
9/6/2025,14.75
10/6/2025,14.75
11/6/2025,14.75
